Time (s),CPU Power (W),E-Cluster HW active frequency MHz,E-Cluster HW active residency %,P-Cluster HW active frequency MHz,P-Cluster HW active residency %,GPU Power (W),GPU active frequency MHz,GPU active residency %,Power (W),App CPU ms/s,ComponentB CPU ms/s
0,1.972,1240.0,26.44,1819.0,49.28,0.001,701.0,0.26,1.973,517.55,495.8
1,4.489,1510.0,19.9,3073.0,99.98,0.0,720.0,0.17,4.489,1153.85,1079.72
2,4.66,1685.0,18.12,3064.0,99.8,0.0,0.0,0.0,4.66,1254.8,1158.38
3,4.668,1682.0,15.95,3063.0,100.0,0.0,0.0,0.0,4.668,1260.87,1147.84
4,4.677,1658.0,20.28,3064.0,99.78,0.0,0.0,0.0,4.677,1253.26,1155.84
5,4.646,1673.0,23.69,3068.0,99.74,0.0,0.0,0.0,4.646,1242.75,1144.03
6,4.662,1684.0,22.27,3068.0,99.74,0.0,0.0,0.0,4.662,1253.3,1155.04
7,4.706,1683.0,19.69,3066.0,100.0,0.0,0.0,0.0,4.706,1256.82,1151.12
8,4.707,1683.0,19.58,3066.0,100.0,0.0,0.0,0.0,4.707,1255.32,1149.67
9,4.642,1698.0,23.17,3071.0,99.62,0.001,712.0,0.32,4.643,1244.65,1159.34
10,4.704,1668.0,17.0,3066.0,100.0,0.0,0.0,0.0,4.704,1254.83,1152.58
11,4.69,1679.0,20.16,3068.0,100.0,0.0,0.0,0.0,4.69,1250.92,1153.64
12,4.709,1685.0,21.38,3067.0,100.0,0.0,0.0,0.0,4.709,1258.07,1148.14
13,4.698,1693.0,21.03,3067.0,99.85,0.0,0.0,0.0,4.698,1256.65,1152.31
14,4.7,1684.0,21.5,3067.0,100.0,0.0,0.0,0.0,4.7,1250.54,1153.29
15,4.697,1686.0,22.58,3067.0,99.85,0.0,0.0,0.0,4.697,1259.51,1158.5
16,4.705,1694.0,21.82,3068.0,99.85,0.0,0.0,0.0,4.705,1254.21,1153.97
17,4.728,1679.0,19.36,3066.0,100.0,0.0,0.0,0.0,4.728,1257.12,1151.64
18,4.707,1687.0,21.37,3068.0,99.8,0.0,0.0,0.0,4.707,1253.92,1151.78
19,4.774,1684.0,31.63,3066.0,100.0,0.0,0.0,0.0,4.774,1252.04,1149.79
20,4.725,1658.0,20.12,3066.0,100.0,0.0,0.0,0.0,4.725,1260.91,1151.81
21,4.663,1705.0,23.79,3072.0,99.6,0.0,0.0,0.0,4.663,1246.73,1159.08
22,4.678,1694.0,18.69,3069.0,99.65,0.0,0.0,0.0,4.678,1248.62,1156.7
23,4.722,1673.0,17.78,3066.0,100.0,0.0,0.0,0.0,4.722,1258.94,1150.46
24,4.731,1681.0,21.23,3066.0,100.0,0.0,0.0,0.0,4.731,1259.09,1152.52
25,4.734,1673.0,19.34,3066.0,100.0,0.0,0.0,0.0,4.734,1257.74,1151.86
26,4.722,1662.0,20.83,3068.0,99.85,0.0,0.0,0.0,4.722,1250.7,1151.59
27,4.721,1677.0,21.58,3068.0,100.0,0.0,0.0,0.0,4.721,1251.19,1150.82
28,4.71,1693.0,22.01,3069.0,99.9,0.0,0.0,0.0,4.71,1244.24,1151.5
29,4.723,1702.0,21.43,3068.0,99.85,0.0,0.0,0.0,4.723,1254.92,1154.2
30,4.723,1679.0,22.47,3069.0,99.84,0.0,0.0,0.0,4.723,1242.87,1156.55
31,4.745,1678.0,20.14,3066.0,100.0,0.0,0.0,0.0,4.745,1249.73,1152.26
32,4.723,1683.0,24.44,3069.0,99.98,0.0,714.0,0.41,4.723,1241.9,1156.64
33,4.723,1676.0,24.21,3070.0,99.83,0.0,0.0,0.0,4.723,1244.62,1149.46
34,4.767,1672.0,22.47,3066.0,100.0,0.0,709.0,0.22,4.767,1263.25,1157.11
35,4.734,1683.0,19.06,3068.0,99.92,0.0,0.0,0.0,4.734,1252.86,1153.09
36,4.714,1699.0,21.74,3069.0,99.71,0.0,0.0,0.0,4.714,1254.37,1150.1
37,4.768,1680.0,20.1,3066.0,100.0,0.0,0.0,0.0,4.768,1266.33,1153.79
38,4.753,1667.0,19.2,3066.0,100.0,0.0,0.0,0.0,4.753,1260.49,1153.17
39,4.734,1698.0,20.56,3067.0,99.86,0.0,0.0,0.0,4.734,1257.65,1151.37
40,4.737,1693.0,20.9,3068.0,99.89,0.0,0.0,0.0,4.737,1254.15,1154.27
41,4.737,1676.0,20.03,3068.0,99.85,0.0,0.0,0.0,4.737,1250.89,1145.51
42,4.758,1669.0,19.16,3066.0,100.0,0.0,0.0,0.0,4.758,1258.4,1154.82
43,4.732,1694.0,17.68,3068.0,99.85,0.0,0.0,0.0,4.732,1252.18,1152.16
44,4.766,1691.0,20.21,3066.0,100.0,0.0,0.0,0.0,4.766,1259.76,1152.43
45,4.747,1677.0,21.24,3067.0,99.83,0.0,0.0,0.0,4.747,1257.19,1154.8
46,4.771,1692.0,19.73,3066.0,100.0,0.0,0.0,0.0,4.771,1258.43,1154.57
47,4.738,1668.0,23.58,3069.0,100.0,0.0,0.0,0.0,4.738,1264.17,1148.59
48,4.768,1709.0,21.28,3067.0,99.86,0.0,714.0,0.41,4.768,1256.7,1155.15
49,4.727,1673.0,33.0,3073.0,99.53,0.0,0.0,0.0,4.727,1244.88,1158.24
50,4.743,1694.0,20.28,3068.0,99.89,0.0,0.0,0.0,4.743,1252.44,1153.25
51,4.759,1686.0,20.9,3068.0,99.9,0.0,0.0,0.0,4.759,1253.74,1151.91
52,4.772,1672.0,19.41,3066.0,100.0,0.0,0.0,0.0,4.772,1257.41,1150.76
53,4.765,1672.0,19.96,3066.0,100.0,0.0,0.0,0.0,4.765,1260.74,1152.79
54,4.762,1717.0,22.25,3068.0,99.86,0.0,0.0,0.0,4.762,1253.67,1155.43
55,4.74,1682.0,22.53,3070.0,99.7,0.0,0.0,0.0,4.74,1249.07,1153.73
56,4.777,1677.0,20.34,3066.0,100.0,0.0,0.0,0.0,4.777,1259.33,1150.07
57,4.784,1691.0,19.47,3066.0,100.0,0.0,0.0,0.0,4.784,1260.09,1151.54
58,4.778,1682.0,19.81,3066.0,100.0,0.0,0.0,0.0,4.778,1262.68,1152.98
59,4.752,1701.0,22.01,3069.0,99.75,0.0,0.0,0.0,4.752,1252.91,1154.96
60,4.758,1699.0,24.69,3068.0,100.0,0.001,715.0,0.83,4.759,1245.58,1153.82
61,4.764,1684.0,20.31,3066.0,100.0,0.003,712.0,0.63,4.767,1247.48,1144.33
62,4.718,1670.0,17.95,3069.0,99.73,0.0,0.0,0.0,4.718,1246.52,1157.24
63,4.769,1682.0,15.49,3066.0,100.0,0.0,0.0,0.0,4.769,1263.01,1155.22
64,4.781,1681.0,19.82,3066.0,100.0,0.0,0.0,0.0,4.781,1255.3,1149.27
65,4.789,1671.0,19.56,3066.0,100.0,0.0,0.0,0.0,4.789,1258.43,1152.6
66,4.774,1691.0,23.04,3068.0,100.0,0.0,0.0,0.0,4.774,1268.21,1147.58
67,4.764,1667.0,21.42,3068.0,100.0,0.0,0.0,0.0,4.764,1248.72,1153.06
68,4.726,1691.0,23.37,3071.0,99.71,0.0,0.0,0.0,4.726,1244.36,1156.82
69,4.754,1697.0,21.54,3069.0,99.85,0.0,0.0,0.0,4.754,1260.24,1154.82
70,4.76,1691.0,22.11,3069.0,99.91,0.0,0.0,0.0,4.76,1246.09,1155.14
71,4.739,1695.0,21.15,3069.0,99.69,0.0,0.0,0.0,4.739,1252.21,1148.51
72,4.787,1679.0,19.41,3066.0,100.0,0.0,0.0,0.0,4.787,1260.59,1152.92
73,4.813,1702.0,20.72,3063.0,99.95,0.0,0.0,0.0,4.813,1312.49,1148.13
74,4.843,1731.0,22.29,3058.0,100.0,0.0,0.0,0.0,4.843,1385.97,1147.74
75,4.852,1778.0,25.95,3060.0,100.0,0.0,0.0,0.0,4.852,1397.74,1152.5
76,4.834,1733.0,20.98,3061.0,99.91,0.0,0.0,0.0,4.834,1370.6,1147.35
77,4.797,1682.0,20.72,3066.0,100.0,0.0,0.0,0.0,4.797,1262.72,1150.44
78,4.811,1697.0,29.42,3068.0,99.9,0.0,0.0,0.0,4.811,1261.74,1157.17
79,4.8,1686.0,20.68,3066.0,100.0,0.0,712.0,0.31,4.8,1262.12,1152.97
80,4.768,1660.0,21.65,3068.0,99.87,0.0,0.0,0.0,4.768,1247.61,1153.51
81,4.792,1683.0,20.78,3067.0,100.0,0.0,0.0,0.0,4.792,1265.55,1148.31
82,4.76,1667.0,17.27,3068.0,99.85,0.0,0.0,0.0,4.76,1255.3,1153.92
83,4.825,1718.0,24.34,3066.0,100.0,0.0,0.0,0.0,4.825,1263.57,1153.0
84,4.802,1700.0,20.29,3066.0,100.0,0.0,0.0,0.0,4.802,1258.2,1152.75
85,4.783,1666.0,21.14,3068.0,100.0,0.0,0.0,0.0,4.783,1248.64,1151.47
86,4.759,1689.0,22.54,3070.0,99.89,0.0,0.0,0.0,4.759,1251.14,1155.87
87,4.8,1682.0,19.21,3066.0,100.0,0.0,0.0,0.0,4.8,1255.68,1152.84
88,4.781,1672.0,19.59,3068.0,99.85,0.0,0.0,0.0,4.781,1256.58,1150.15
89,4.785,1664.0,19.68,3068.0,100.0,0.0,0.0,0.0,4.785,1250.45,1155.91
90,4.794,1658.0,22.39,3068.0,100.0,0.0,0.0,0.0,4.794,1252.4,1151.18
91,4.767,1695.0,23.73,3069.0,99.73,0.0,713.0,0.31,4.767,1259.77,1154.83
92,4.819,1719.0,28.15,3068.0,99.89,0.0,0.0,0.0,4.819,1245.23,1151.47
93,4.784,1686.0,22.61,3068.0,100.0,0.0,708.0,0.22,4.784,1243.02,1154.02
94,4.757,1694.0,23.56,3071.0,99.77,0.0,0.0,0.0,4.757,1243.84,1154.56
95,4.809,1697.0,21.18,3067.0,100.0,0.0,0.0,0.0,4.809,1258.57,1155.24
96,4.798,1657.0,20.33,3067.0,100.0,0.0,0.0,0.0,4.798,1256.67,1151.28
97,4.716,1692.0,24.18,3072.0,99.43,0.0,0.0,0.0,4.716,1230.26,1144.81
98,4.788,1667.0,21.2,3067.0,99.86,0.0,0.0,0.0,4.788,1258.11,1154.22
99,4.785,1697.0,21.61,3068.0,99.86,0.0,0.0,0.0,4.785,1259.14,1154.89
100,4.809,1689.0,20.33,3066.0,100.0,0.0,0.0,0.0,4.809,1261.6,1152.53
101,4.789,1678.0,20.85,3068.0,100.0,0.0,0.0,0.0,4.789,1248.36,1151.8
102,4.791,1703.0,19.92,3068.0,99.83,0.0,0.0,0.0,4.791,1251.79,1150.94
103,4.73,1691.0,19.26,3071.0,99.67,0.0,0.0,0.0,4.73,1254.12,1158.61
104,4.788,1668.0,20.4,3068.0,100.0,0.0,0.0,0.0,4.788,1249.62,1152.9
105,4.772,1697.0,22.52,3070.0,99.67,0.0,0.0,0.0,4.772,1252.46,1157.88
106,4.803,1674.0,21.44,3068.0,100.0,0.0,0.0,0.0,4.803,1254.94,1152.84
107,4.781,1670.0,21.81,3067.0,99.86,0.0,714.0,0.41,4.781,1252.07,1153.13
108,4.859,1691.0,33.56,3066.0,100.0,0.001,712.0,0.31,4.86,1271.63,1155.49
109,4.775,1689.0,22.83,3069.0,100.0,0.0,0.0,0.0,4.775,1256.85,1149.84
110,4.796,1675.0,20.68,3067.0,99.85,0.0,0.0,0.0,4.796,1255.14,1152.75
111,4.821,1678.0,20.11,3066.0,100.0,0.0,0.0,0.0,4.821,1273.68,1155.26
112,4.784,1714.0,21.92,3069.0,99.86,0.0,0.0,0.0,4.784,1257.73,1153.54
113,4.824,1691.0,21.04,3066.0,100.0,0.0,0.0,0.0,4.824,1269.17,1153.91
114,4.769,1677.0,23.9,3071.0,99.9,0.0,0.0,0.0,4.769,1246.32,1151.35
115,5.007,1713.0,23.47,3065.0,99.86,0.0,0.0,0.0,5.007,1262.63,1143.71
116,4.81,1681.0,18.52,3066.0,100.0,0.0,0.0,0.0,4.81,1265.49,1154.8
117,4.816,1667.0,20.08,3066.0,100.0,0.0,0.0,0.0,4.816,1259.02,1148.16
118,4.776,1688.0,22.63,3069.0,99.76,0.0,0.0,0.0,4.776,1257.79,1154.6
119,4.82,1684.0,22.39,3066.0,100.0,0.0,0.0,0.0,4.82,1270.4,1150.92
120,4.817,1665.0,18.99,3066.0,100.0,0.0,0.0,0.0,4.817,1254.87,1149.77
121,4.816,1692.0,19.44,3066.0,100.0,0.0,0.0,0.0,4.816,1259.34,1151.72
122,4.802,1698.0,20.53,3067.0,99.81,0.0,0.0,0.0,4.802,1258.06,1152.79
123,4.794,1673.0,18.06,3066.0,100.0,0.0,712.0,0.32,4.794,1257.23,1158.12
124,4.78,1680.0,24.57,3069.0,99.65,0.0,0.0,0.0,4.78,1238.32,1154.38
125,4.787,1683.0,24.19,3069.0,99.82,0.0,708.0,0.22,4.787,1242.92,1151.91
126,4.773,1687.0,21.44,3069.0,99.77,0.0,0.0,0.0,4.773,1258.8,1148.96
127,4.782,1673.0,21.69,3068.0,100.0,0.0,0.0,0.0,4.782,1263.19,1155.61
128,4.802,1694.0,21.41,3067.0,99.92,0.0,0.0,0.0,4.802,1255.63,1155.11
129,4.796,1693.0,21.32,3068.0,99.84,0.0,0.0,0.0,4.796,1255.16,1151.03
130,4.78,1668.0,22.06,3069.0,99.8,0.0,0.0,0.0,4.78,1249.19,1152.2
131,4.778,1681.0,22.24,3069.0,99.86,0.0,0.0,0.0,4.778,1241.28,1150.38
132,4.805,1659.0,21.13,3068.0,100.0,0.0,0.0,0.0,4.805,1260.91,1152.24
133,4.833,1646.0,20.59,3066.0,100.0,0.0,0.0,0.0,4.833,1259.94,1155.72
134,4.811,1678.0,22.54,3067.0,99.86,0.0,0.0,0.0,4.811,1261.41,1154.23
135,4.821,1666.0,19.67,3066.0,100.0,0.0,0.0,0.0,4.821,1264.96,1153.69
136,4.821,1676.0,21.3,3067.0,100.0,0.0,0.0,0.0,4.821,1268.54,1150.91
137,4.729,1691.0,23.96,3072.0,99.58,0.0,0.0,0.0,4.729,1236.18,1150.32
138,4.854,1702.0,35.82,3067.0,99.85,0.0,0.0,0.0,4.854,1262.5,1159.47
139,4.765,1709.0,23.52,3069.0,99.72,0.0,708.0,0.22,4.765,1247.9,1145.18
140,4.805,1687.0,20.05,3067.0,99.87,0.0,0.0,0.0,4.805,1255.16,1153.98
141,4.797,1692.0,19.92,3068.0,99.92,0.0,0.0,0.0,4.797,1264.41,1154.19
142,4.747,1688.0,20.35,3070.0,99.56,0.0,0.0,0.0,4.747,1244.44,1153.32
143,4.798,1695.0,18.07,3068.0,99.89,0.0,0.0,0.0,4.798,1256.07,1152.31
144,4.751,1701.0,22.81,3070.0,99.51,0.0,0.0,0.0,4.751,1244.91,1146.22
145,4.826,1677.0,19.73,3066.0,100.0,0.0,0.0,0.0,4.826,1260.07,1150.36
146,4.789,1687.0,21.84,3069.0,99.84,0.0,0.0,0.0,4.789,1252.15,1152.74
147,4.768,1698.0,22.93,3070.0,99.71,0.0,0.0,0.0,4.768,1252.13,1156.87
148,4.779,1668.0,22.05,3070.0,99.86,0.0,0.0,0.0,4.779,1249.72,1156.68
149,4.816,1683.0,21.05,3068.0,99.86,0.0,0.0,0.0,4.816,1257.4,1152.75
150,4.82,1685.0,20.57,3067.0,100.0,0.0,0.0,0.0,4.82,1259.47,1151.78
151,4.787,1677.0,23.64,3070.0,99.6,0.0,0.0,0.0,4.787,1243.75,1153.03
152,4.861,1680.0,24.22,3066.0,100.0,0.0,0.0,0.0,4.861,1272.24,1155.45
153,4.802,1713.0,23.86,3068.0,99.75,0.0,0.0,0.0,4.802,1252.65,1154.64
154,4.823,1707.0,22.49,3066.0,100.0,0.0,712.0,0.53,4.823,1259.17,1154.12
155,4.803,1660.0,20.94,3068.0,99.83,0.0,0.0,0.0,4.803,1242.8,1152.83
156,4.77,1700.0,25.62,3071.0,99.71,0.0,709.0,0.43,4.77,1247.98,1150.44
157,4.756,1701.0,22.94,3070.0,99.59,0.0,0.0,0.0,4.756,1239.01,1148.96
158,4.815,1689.0,21.11,3067.0,100.0,0.0,0.0,0.0,4.815,1259.17,1154.27
159,4.791,1677.0,22.29,3068.0,99.73,0.0,0.0,0.0,4.791,1252.65,1155.12
160,4.825,1672.0,23.47,3067.0,99.91,0.0,0.0,0.0,4.825,1260.26,1154.77
161,4.816,1674.0,27.42,3069.0,99.86,0.0,0.0,0.0,4.816,1252.18,1154.16
162,4.829,1677.0,18.44,3066.0,100.0,0.0,0.0,0.0,4.829,1261.65,1152.96
163,4.801,1662.0,18.01,3067.0,100.0,0.0,0.0,0.0,4.801,1262.68,1153.94
164,4.835,1672.0,19.94,3066.0,100.0,0.0,0.0,0.0,4.835,1263.63,1150.76
165,4.817,1695.0,22.45,3067.0,99.8,0.0,0.0,0.0,4.817,1261.51,1154.32
166,4.846,1664.0,21.17,3066.0,100.0,0.0,714.0,0.41,4.846,1264.94,1151.27
167,4.873,1678.0,32.27,3066.0,100.0,0.0,0.0,0.0,4.873,1262.33,1153.05
168,4.806,1674.0,20.35,3068.0,100.0,0.0,0.0,0.0,4.806,1262.22,1153.75
169,4.834,1685.0,19.85,3066.0,100.0,0.0,0.0,0.0,4.834,1263.97,1153.46
170,4.831,1727.0,29.21,3068.0,99.87,0.003,711.0,0.85,4.834,1259.96,1158.25
171,4.794,1664.0,22.51,3068.0,99.85,0.0,0.0,0.0,4.794,1247.83,1154.23
172,4.819,1660.0,22.13,3068.0,100.0,0.0,0.0,0.0,4.819,1254.27,1154.34
173,4.817,1675.0,21.5,3067.0,99.87,0.0,0.0,0.0,4.817,1258.1,1151.01
174,4.837,1684.0,21.77,3066.0,100.0,0.0,0.0,0.0,4.837,1280.3,1155.63
175,4.761,1665.0,22.39,3070.0,99.74,0.0,0.0,0.0,4.761,1233.15,1151.47
176,4.814,1652.0,21.09,3067.0,100.0,0.0,0.0,0.0,4.814,1251.34,1143.3
177,4.786,1685.0,22.05,3068.0,99.92,0.0,0.0,0.0,4.786,1258.74,1157.96
178,4.949,1699.0,40.72,3068.0,99.85,0.001,715.0,0.41,4.95,1257.98,1156.05
179,4.824,1686.0,21.07,3067.0,100.0,0.0,0.0,0.0,4.824,1273.46,1154.21
180,4.816,1674.0,21.52,3067.0,99.85,0.0,0.0,0.0,4.816,1258.25,1153.56
181,4.804,1681.0,22.67,3067.0,99.73,0.0,0.0,0.0,4.804,1255.74,1152.01
182,4.81,1662.0,20.0,3068.0,99.86,0.0,0.0,0.0,4.81,1253.84,1151.2
183,4.752,1700.0,18.86,3069.0,99.74,0.0,0.0,0.0,4.752,1246.99,1148.49
184,4.822,1678.0,21.53,3067.0,99.92,0.0,0.0,0.0,4.822,1261.9,1153.07
185,4.825,1673.0,19.41,3066.0,100.0,0.0,0.0,0.0,4.825,1245.02,1156.43
186,5.028,1767.0,49.02,3067.0,100.0,0.0,0.0,0.0,5.028,1249.67,1155.9
187,4.773,1678.0,23.94,3069.0,99.7,0.0,0.0,0.0,4.773,1240.81,1152.94
188,4.758,1679.0,25.43,3070.0,99.66,0.0,0.0,0.0,4.758,1251.71,1151.73
189,4.98,1825.0,55.54,3068.0,99.69,0.001,713.0,0.31,4.981,1255.68,1154.72
190,4.822,1699.0,20.91,3067.0,99.84,0.0,0.0,0.0,4.822,1245.98,1148.21
191,4.814,1684.0,22.64,3067.0,99.86,0.0,709.0,0.22,4.814,1263.06,1158.46
192,4.802,1686.0,22.58,3069.0,99.7,0.0,0.0,0.0,4.802,1254.72,1157.95
193,4.792,1676.0,20.38,3068.0,99.68,0.0,0.0,0.0,4.792,1235.33,1149.26
194,4.842,1667.0,18.28,3066.0,100.0,0.0,0.0,0.0,4.842,1262.87,1153.93
195,4.852,1666.0,20.24,3066.0,100.0,0.0,0.0,0.0,4.852,1276.48,1156.51
196,4.961,1729.0,52.47,3068.0,99.67,0.0,709.0,0.22,4.961,1255.89,1155.23
197,4.974,1730.0,60.1,3068.0,99.55,0.0,0.0,0.0,4.974,1247.94,1155.03
198,5.092,1762.0,48.54,3067.0,99.86,0.0,711.0,0.53,5.092,1248.77,1154.09
199,5.306,1770.0,79.46,3066.0,100.0,0.0,0.0,0.0,5.306,1265.73,1164.21
200,4.978,1780.0,41.15,3065.0,100.0,0.001,712.0,0.32,4.979,1263.18,1149.01
201,4.84,1672.0,26.34,3068.0,99.86,0.0,0.0,0.0,4.84,1255.14,1157.02
202,4.809,1688.0,24.43,3067.0,99.71,0.001,708.0,0.22,4.81,1252.02,1157.37
203,4.838,1687.0,22.99,3067.0,99.81,0.0,0.0,0.0,4.838,1257.65,1153.16
204,5.075,1752.0,45.7,3064.0,99.86,0.0,0.0,0.0,5.075,1258.51,1151.48
205,4.847,1674.0,20.31,3066.0,100.0,0.0,0.0,0.0,4.847,1268.29,1155.11
206,4.85,1672.0,20.72,3066.0,100.0,0.0,0.0,0.0,4.85,1261.46,1153.51
207,4.771,1695.0,24.47,3069.0,99.53,0.0,0.0,0.0,4.771,1242.27,1155.18
208,4.852,1666.0,20.61,3066.0,100.0,0.0,0.0,0.0,4.852,1266.95,1154.99
209,4.76,1705.0,25.15,3070.0,99.53,0.0,0.0,0.0,4.76,1234.72,1145.04
210,4.844,1671.0,20.69,3066.0,100.0,0.0,708.0,0.22,4.844,1265.2,1154.45
211,4.801,1690.0,25.79,3069.0,99.85,0.0,0.0,0.0,4.801,1249.78,1158.46
212,4.805,1697.0,22.89,3068.0,99.83,0.0,0.0,0.0,4.805,1251.84,1151.82
213,4.825,1668.0,21.32,3067.0,99.87,0.0,0.0,0.0,4.825,1248.3,1153.67
214,4.817,1705.0,25.51,3068.0,99.86,0.0,0.0,0.0,4.817,1250.01,1147.91
215,4.84,1683.0,22.49,3066.0,99.86,0.0,709.0,0.22,4.84,1262.37,1155.18
216,4.853,1691.0,20.07,3066.0,100.0,0.0,0.0,0.0,4.853,1244.36,1153.69
217,4.844,1715.0,28.93,3068.0,99.86,0.0,708.0,0.22,4.844,1255.2,1153.49
218,4.82,1702.0,22.1,3067.0,99.86,0.0,0.0,0.0,4.82,1263.3,1152.83
219,4.816,1688.0,23.2,3068.0,99.85,0.0,0.0,0.0,4.816,1252.55,1154.42
220,4.836,1660.0,18.91,3066.0,100.0,0.0,0.0,0.0,4.836,1261.15,1150.98
221,4.787,1665.0,20.06,3069.0,99.82,0.0,710.0,0.22,4.787,1238.73,1152.97
222,4.807,1688.0,24.38,3068.0,99.65,0.0,0.0,0.0,4.807,1262.95,1147.64
223,4.838,1685.0,21.59,3067.0,99.86,0.0,709.0,0.22,4.838,1259.16,1151.95
224,4.83,1683.0,20.28,3067.0,99.87,0.0,0.0,0.0,4.83,1258.71,1155.9
225,4.818,1709.0,22.43,3067.0,99.86,0.0,712.0,0.32,4.818,1264.91,1158.63
226,4.889,1693.0,35.59,3066.0,100.0,0.0,0.0,0.0,4.889,1270.77,1151.62
227,4.84,1679.0,21.0,3067.0,100.0,0.0,0.0,0.0,4.84,1259.09,1152.89
228,4.849,1684.0,20.4,3066.0,100.0,0.0,712.0,0.32,4.849,1265.78,1154.75
229,4.83,1690.0,20.99,3067.0,99.86,0.0,0.0,0.0,4.83,1261.58,1154.26
230,4.828,1669.0,21.43,3067.0,99.86,0.0,0.0,0.0,4.828,1264.35,1151.98
231,4.859,1669.0,20.85,3066.0,100.0,0.0,709.0,0.22,4.859,1268.26,1153.17
232,4.809,1697.0,23.09,3068.0,99.75,0.0,0.0,0.0,4.809,1256.78,1157.15
233,4.831,1696.0,22.76,3067.0,99.89,0.0,709.0,0.22,4.831,1260.83,1155.3
234,5.11,1723.0,26.54,3062.0,99.85,0.0,0.0,0.0,5.11,1269.35,1145.18
235,4.848,1659.0,19.99,3066.0,100.0,0.0,0.0,0.0,4.848,1261.59,1155.86
236,4.798,1714.0,24.54,3068.0,99.68,0.0,0.0,0.0,4.798,1268.52,1156.5
237,4.767,1703.0,23.35,3069.0,99.71,0.0,0.0,0.0,4.767,1247.74,1144.36
238,4.855,1697.0,22.69,3066.0,100.0,0.0,0.0,0.0,4.855,1274.37,1151.34
239,4.813,1684.0,21.03,3068.0,99.72,0.0,0.0,0.0,4.813,1260.92,1154.53
240,4.795,1687.0,22.59,3069.0,99.76,0.0,0.0,0.0,4.795,1247.64,1155.93
241,4.839,1666.0,17.2,3066.0,100.0,0.0,0.0,0.0,4.839,1265.33,1153.26
242,4.839,1690.0,21.78,3067.0,99.93,0.0,0.0,0.0,4.839,1265.33,1154.6
243,4.811,1699.0,22.27,3068.0,99.74,0.0,0.0,0.0,4.811,1254.49,1153.51
244,4.848,1680.0,18.73,3066.0,100.0,0.0,0.0,0.0,4.848,1269.01,1153.23
245,4.846,1673.0,20.46,3067.0,99.9,0.0,0.0,0.0,4.846,1262.07,1151.01
246,4.826,1710.0,24.02,3066.0,99.71,0.0,714.0,0.41,4.826,1274.47,1141.1
247,4.864,1738.0,23.68,3060.0,99.9,0.0,0.0,0.0,4.864,1359.34,1148.11
248,4.908,1729.0,23.46,3058.0,99.96,0.0,708.0,0.22,4.908,1382.13,1147.77
249,4.863,1749.0,26.57,3061.0,99.83,0.0,0.0,0.0,4.863,1371.31,1153.95
250,4.825,1695.0,22.86,3066.0,99.8,0.0,0.0,0.0,4.825,1291.24,1147.13
251,4.807,1691.0,25.38,3068.0,99.72,0.0,0.0,0.0,4.807,1263.38,1151.09
252,4.838,1690.0,21.99,3067.0,100.0,0.0,0.0,0.0,4.838,1259.21,1154.94
253,4.845,1679.0,21.96,3066.0,99.87,0.0,0.0,0.0,4.845,1263.49,1155.43
254,4.858,1667.0,20.79,3066.0,100.0,0.0,0.0,0.0,4.858,1271.75,1152.83
255,4.849,1670.0,20.41,3066.0,100.0,0.0,0.0,0.0,4.849,1270.99,1154.62
256,4.87,1673.0,36.05,3067.0,99.87,0.0,0.0,0.0,4.87,1269.97,1155.6
257,4.874,1660.0,23.05,3066.0,100.0,0.0,0.0,0.0,4.874,1267.18,1152.72
258,4.859,1666.0,20.15,3066.0,100.0,0.0,0.0,0.0,4.859,1266.45,1152.94
259,4.811,1680.0,21.54,3068.0,99.82,0.0,0.0,0.0,4.811,1252.19,1155.62
260,4.859,1670.0,20.16,3065.0,100.0,0.0,0.0,0.0,4.859,1294.38,1153.52
261,4.847,1696.0,21.46,3063.0,99.96,0.0,0.0,0.0,4.847,1322.04,1151.46
262,4.867,1674.0,21.38,3066.0,100.0,0.0,0.0,0.0,4.867,1270.11,1153.02
263,4.741,1693.0,26.69,3070.0,99.58,0.0,712.0,0.31,4.741,1232.9,1144.84
264,4.824,1677.0,23.78,3067.0,99.66,0.0,0.0,0.0,4.824,1258.74,1157.32
265,4.805,1680.0,23.22,3069.0,99.8,0.0,0.0,0.0,4.805,1256.2,1156.25
266,4.803,1730.0,23.95,3069.0,99.67,0.0,0.0,0.0,4.803,1249.18,1155.44
267,4.863,1687.0,21.02,3066.0,100.0,0.0,0.0,0.0,4.863,1268.76,1153.38
268,4.863,1674.0,20.08,3066.0,100.0,0.0,0.0,0.0,4.863,1271.66,1154.55
269,4.838,1661.0,21.15,3067.0,99.92,0.0,0.0,0.0,4.838,1254.95,1150.43
270,4.841,1689.0,27.39,3068.0,99.85,0.0,0.0,0.0,4.841,1256.67,1153.42
271,4.837,1685.0,23.05,3067.0,100.0,0.0,709.0,0.22,4.837,1253.95,1153.37
272,4.834,1683.0,25.58,3068.0,99.72,0.0,0.0,0.0,4.834,1259.65,1146.17
273,4.827,1671.0,21.44,3067.0,99.87,0.0,0.0,0.0,4.827,1265.23,1157.28
274,4.877,1686.0,22.93,3066.0,100.0,0.0,0.0,0.0,4.877,1265.15,1153.25
275,4.813,1681.0,23.29,3068.0,99.89,0.0,0.0,0.0,4.813,1257.62,1153.87
276,4.798,1697.0,25.27,3069.0,99.68,0.0,0.0,0.0,4.798,1260.77,1156.41
277,4.841,1680.0,22.82,3067.0,99.86,0.0,709.0,0.22,4.841,1260.56,1153.69
278,4.821,1656.0,20.51,3067.0,99.89,0.0,0.0,0.0,4.821,1236.49,1152.04
279,4.804,1675.0,22.07,3069.0,99.82,0.0,708.0,0.22,4.804,1255.63,1150.88
280,4.781,1654.0,18.36,3068.0,99.72,0.0,0.0,0.0,4.781,1259.0,1150.33
281,4.825,1696.0,23.66,3067.0,99.73,0.0,0.0,0.0,4.825,1259.51,1158.64
282,4.837,1700.0,21.47,3068.0,99.89,0.0,0.0,0.0,4.837,1255.39,1151.02
283,4.792,1678.0,23.13,3069.0,99.88,0.0,0.0,0.0,4.792,1244.31,1143.72
284,4.787,1691.0,25.66,3070.0,99.72,0.0,0.0,0.0,4.787,1265.74,1160.78
285,4.874,1674.0,25.6,3066.0,100.0,0.0,715.0,0.51,4.874,1267.53,1156.28
286,4.893,1691.0,29.51,3066.0,100.0,0.0,0.0,0.0,4.893,1265.78,1148.66
287,4.805,1704.0,24.59,3068.0,99.72,0.0,0.0,0.0,4.805,1262.97,1154.19
288,4.828,1674.0,21.91,3067.0,99.87,0.0,0.0,0.0,4.828,1258.27,1155.55
289,4.825,1683.0,22.4,3068.0,99.65,0.0,0.0,0.0,4.825,1253.69,1154.34
290,4.933,1744.0,34.15,3067.0,100.0,0.0,0.0,0.0,4.933,1261.37,1153.5
291,4.825,1693.0,23.82,3067.0,99.86,0.0,0.0,0.0,4.825,1262.2,1152.02
292,4.788,1701.0,24.07,3069.0,99.56,0.0,0.0,0.0,4.788,1236.09,1154.35
293,4.784,1711.0,25.81,3069.0,99.41,0.0,0.0,0.0,4.784,1253.9,1149.28
294,4.783,1698.0,24.69,3069.0,99.54,0.0,712.0,0.31,4.783,1253.45,1155.1
295,4.86,1679.0,22.9,3067.0,99.88,0.0,708.0,0.22,4.86,1267.63,1155.69
296,4.876,1728.0,24.91,3061.0,99.94,0.001,713.0,0.63,4.877,1344.47,1148.55
297,4.906,1765.0,22.67,3058.0,99.96,0.0,0.0,0.0,4.906,1378.52,1149.21
298,4.856,1698.0,25.24,3064.0,99.9,0.003,714.0,0.41,4.859,1316.28,1152.45
299,4.862,1663.0,18.51,3066.0,100.0,0.0,0.0,0.0,4.862,1266.76,1149.37
300,4.841,1698.0,23.09,3068.0,100.0,0.0,708.0,0.22,4.841,1258.15,1154.57
301,4.809,1697.0,21.54,3068.0,99.86,0.0,0.0,0.0,4.809,1245.15,1142.0
302,4.815,1703.0,25.23,3068.0,99.73,0.0,0.0,0.0,4.815,1271.42,1159.16
303,4.861,1744.0,24.89,3062.0,99.88,0.0,0.0,0.0,4.861,1348.35,1145.87
304,4.873,1741.0,24.22,3060.0,99.86,0.0,0.0,0.0,4.873,1377.48,1149.2
305,4.837,1786.0,25.94,3062.0,99.87,0.0,0.0,0.0,4.837,1366.7,1150.87
306,4.88,1698.0,21.2,3062.0,100.0,0.0,0.0,0.0,4.88,1313.2,1145.56
307,4.848,1695.0,21.44,3067.0,100.0,0.0,0.0,0.0,4.848,1265.85,1153.18
308,4.844,1670.0,22.67,3067.0,99.88,0.002,713.0,0.63,4.846,1259.52,1158.83
309,4.815,1693.0,20.45,3067.0,100.0,0.0,0.0,0.0,4.815,1238.04,1151.42
310,4.841,1680.0,24.27,3067.0,99.79,0.001,711.0,0.53,4.842,1271.07,1150.44
311,4.867,1668.0,19.88,3066.0,100.0,0.0,0.0,0.0,4.867,1267.67,1152.42
312,4.843,1713.0,21.56,3067.0,99.87,0.0,0.0,0.0,4.843,1262.42,1152.23
313,4.853,1665.0,19.69,3066.0,100.0,0.0,0.0,0.0,4.853,1269.63,1152.5
314,5.19,1716.0,74.28,3065.0,100.0,0.0,0.0,0.0,5.19,1272.85,1155.1
315,5.074,1700.0,66.35,3066.0,99.79,0.0,0.0,0.0,5.074,1279.71,1166.28
316,4.851,1681.0,21.26,3067.0,100.0,0.0,0.0,0.0,4.851,1263.96,1153.02
317,4.837,1703.0,20.95,3067.0,99.8,0.0,0.0,0.0,4.837,1250.33,1151.81
318,4.79,1700.0,24.1,3069.0,99.66,0.0,0.0,0.0,4.79,1263.07,1150.19
319,4.833,1681.0,19.71,3068.0,99.85,0.0,0.0,0.0,4.833,1253.94,1153.28
320,4.832,1667.0,19.24,3067.0,99.86,0.0,0.0,0.0,4.832,1271.69,1153.8
321,4.86,1688.0,22.98,3067.0,100.0,0.0,0.0,0.0,4.86,1274.77,1152.65
322,4.81,1676.0,21.48,3068.0,99.64,0.0,0.0,0.0,4.81,1253.97,1147.4
323,4.872,1673.0,19.88,3065.0,100.0,0.0,0.0,0.0,4.872,1272.66,1150.77
324,4.839,1691.0,24.35,3067.0,99.85,0.0,712.0,0.31,4.839,1273.96,1155.77
325,4.856,1669.0,21.34,3066.0,100.0,0.0,0.0,0.0,4.856,1269.91,1153.24
326,4.835,1709.0,22.82,3067.0,99.75,0.0,710.0,0.53,4.835,1264.62,1161.3
327,4.826,1690.0,20.75,3067.0,99.85,0.0,0.0,0.0,4.826,1257.42,1149.15
328,4.814,1692.0,23.12,3067.0,99.7,0.0,0.0,0.0,4.814,1270.77,1149.44
329,4.933,1753.0,29.91,3059.0,99.97,0.0,0.0,0.0,4.933,1370.81,1148.63
330,4.921,1724.0,21.81,3058.0,100.0,0.0,0.0,0.0,4.921,1371.05,1145.86
331,4.896,1735.0,23.99,3060.0,99.91,0.0,0.0,0.0,4.896,1375.51,1151.96
332,4.856,1726.0,22.22,3063.0,99.89,0.0,0.0,0.0,4.856,1326.38,1146.06
333,4.821,1685.0,25.58,3069.0,99.72,0.0,0.0,0.0,4.821,1251.56,1156.03
334,4.751,1726.0,27.07,3070.0,99.43,0.0,0.0,0.0,4.751,1239.46,1146.35
335,4.78,1684.0,26.57,3070.0,99.41,0.0,0.0,0.0,4.78,1245.72,1156.47
336,4.818,1701.0,24.47,3068.0,99.87,0.0,0.0,0.0,4.818,1263.17,1153.32
337,4.842,1670.0,21.03,3067.0,99.86,0.0,0.0,0.0,4.842,1251.86,1153.21
338,4.813,1694.0,22.99,3068.0,99.73,0.0,0.0,0.0,4.813,1269.45,1144.49
339,4.827,1688.0,19.4,3067.0,99.86,0.003,714.0,0.73,4.83,1263.19,1158.72
340,4.799,1685.0,21.13,3068.0,99.71,0.0,0.0,0.0,4.799,1234.0,1152.13
341,4.792,1698.0,26.23,3070.0,99.73,0.003,711.0,0.53,4.795,1255.27,1150.93
342,4.789,1690.0,24.75,3069.0,99.52,0.0,0.0,0.0,4.789,1239.88,1154.56
343,4.829,1704.0,23.26,3067.0,99.82,0.0,0.0,0.0,4.829,1274.55,1153.75
344,4.866,1686.0,21.73,3066.0,100.0,0.0,714.0,0.41,4.866,1267.24,1145.34
345,4.856,1689.0,36.81,3069.0,99.72,0.0,0.0,0.0,4.856,1257.23,1154.99
346,4.825,1690.0,23.85,3068.0,99.79,0.0,0.0,0.0,4.825,1265.69,1156.81
347,4.874,1694.0,19.36,3066.0,100.0,0.0,0.0,0.0,4.874,1266.28,1153.61
348,4.863,1683.0,18.37,3066.0,100.0,0.0,0.0,0.0,4.863,1266.0,1152.9
349,4.797,1678.0,23.6,3069.0,99.68,0.0,0.0,0.0,4.797,1240.78,1149.92
350,4.814,1691.0,23.9,3069.0,99.7,0.0,0.0,0.0,4.814,1257.8,1149.32
351,4.839,1702.0,25.13,3068.0,100.0,0.0,0.0,0.0,4.839,1266.98,1155.41
352,5.116,1711.0,25.57,3064.0,99.63,0.0,0.0,0.0,5.116,1259.96,1152.67
353,4.833,1689.0,23.5,3068.0,99.85,0.0,0.0,0.0,4.833,1260.32,1153.36
354,4.848,1712.0,21.4,3067.0,99.86,0.0,0.0,0.0,4.848,1256.12,1152.5
355,4.86,1672.0,21.59,3067.0,100.0,0.0,0.0,0.0,4.86,1269.73,1153.85
356,4.85,1688.0,23.94,3067.0,99.85,0.0,712.0,0.32,4.85,1260.86,1146.65
357,4.87,1667.0,20.04,3066.0,100.0,0.0,0.0,0.0,4.87,1269.3,1151.43
358,4.846,1666.0,22.77,3067.0,99.87,0.0,708.0,0.22,4.846,1273.44,1151.63
359,4.867,1646.0,16.62,3066.0,100.0,0.0,0.0,0.0,4.867,1269.01,1154.48
360,4.868,1641.0,19.27,3066.0,100.0,0.0,0.0,0.0,4.868,1268.89,1151.84
361,4.879,1677.0,20.04,3066.0,100.0,0.0,0.0,0.0,4.879,1269.22,1155.6
362,4.796,1700.0,24.13,3070.0,99.77,0.0,0.0,0.0,4.796,1255.79,1156.67
363,4.79,1698.0,25.41,3070.0,99.58,0.0,0.0,0.0,4.79,1238.39,1142.62
364,4.854,1695.0,22.23,3067.0,99.81,0.0,0.0,0.0,4.854,1264.98,1153.27
365,4.878,1741.0,30.72,3067.0,99.7,0.0,0.0,0.0,4.878,1266.76,1153.46
366,4.854,1690.0,21.24,3067.0,99.85,0.0,0.0,0.0,4.854,1267.7,1155.24
367,4.859,1692.0,21.28,3066.0,100.0,0.0,0.0,0.0,4.859,1268.35,1154.78
368,4.872,1695.0,20.44,3065.0,100.0,0.0,0.0,0.0,4.872,1279.88,1153.23
369,4.873,1681.0,20.26,3066.0,100.0,0.0,0.0,0.0,4.873,1268.48,1153.27
370,4.836,1721.0,24.08,3068.0,99.75,0.0,713.0,0.31,4.836,1250.39,1152.25
371,4.854,1694.0,21.27,3067.0,99.87,0.0,0.0,0.0,4.854,1252.91,1152.3
372,4.862,1680.0,22.32,3067.0,100.0,0.0,709.0,0.22,4.862,1259.73,1152.48
373,4.815,1675.0,21.03,3068.0,99.85,0.0,0.0,0.0,4.815,1247.35,1143.94
374,4.881,1689.0,28.11,3067.0,99.86,0.0,0.0,0.0,4.881,1268.48,1154.44
375,4.853,1684.0,21.89,3067.0,99.85,0.0,0.0,0.0,4.853,1267.02,1156.73
376,4.828,1692.0,22.85,3068.0,99.71,0.0,0.0,0.0,4.828,1259.32,1154.69
377,4.866,1694.0,20.37,3066.0,100.0,0.0,0.0,0.0,4.866,1273.03,1152.3
378,4.856,1687.0,25.67,3068.0,100.0,0.0,0.0,0.0,4.856,1251.18,1154.06
379,4.798,1684.0,19.96,3069.0,99.76,0.0,0.0,0.0,4.798,1259.44,1147.98
380,4.833,1701.0,22.31,3068.0,99.73,0.0,0.0,0.0,4.833,1260.88,1155.7
381,4.849,1707.0,23.28,3067.0,99.85,0.0,0.0,0.0,4.849,1270.42,1149.13
382,4.842,1665.0,20.63,3068.0,99.9,0.0,0.0,0.0,4.842,1253.61,1155.74
383,4.86,1685.0,22.13,3067.0,99.84,0.0,0.0,0.0,4.86,1267.67,1153.56
384,4.856,1666.0,22.73,3067.0,100.0,0.0,713.0,0.31,4.856,1251.56,1150.06
385,4.812,1696.0,25.08,3069.0,99.71,0.0,0.0,0.0,4.812,1259.47,1145.4
386,4.879,1685.0,20.73,3066.0,100.0,0.0,0.0,0.0,4.879,1270.3,1153.45
387,4.846,1703.0,23.15,3067.0,99.85,0.0,709.0,0.22,4.846,1276.18,1154.28
388,4.897,1695.0,25.6,3066.0,100.0,0.0,0.0,0.0,4.897,1265.35,1151.17
389,4.864,1703.0,23.65,3067.0,99.87,0.0,0.0,0.0,4.864,1273.53,1155.28
390,4.854,1701.0,20.83,3067.0,99.92,0.0,0.0,0.0,4.854,1266.9,1152.96
391,4.865,1691.0,21.77,3067.0,100.0,0.0,0.0,0.0,4.865,1281.02,1156.02
392,4.869,1662.0,19.83,3066.0,100.0,0.0,0.0,0.0,4.869,1263.03,1151.1
393,4.87,1692.0,22.56,3067.0,99.85,0.0,0.0,0.0,4.87,1272.98,1152.39
394,4.855,1678.0,21.86,3067.0,99.84,0.0,0.0,0.0,4.855,1263.36,1153.97
395,4.864,1680.0,20.75,3067.0,99.86,0.0,0.0,0.0,4.864,1263.85,1155.24
396,4.878,1658.0,20.13,3066.0,100.0,0.0,0.0,0.0,4.878,1266.97,1153.23
397,4.82,1671.0,22.9,3068.0,99.7,0.0,0.0,0.0,4.82,1249.19,1150.54
398,4.846,1685.0,19.44,3067.0,99.86,0.0,0.0,0.0,4.846,1256.59,1144.33
399,4.879,1663.0,18.59,3066.0,100.0,0.0,0.0,0.0,4.879,1275.16,1162.67
400,4.826,1688.0,21.62,3068.0,99.73,0.0,0.0,0.0,4.826,1256.31,1143.43
401,4.842,1693.0,22.41,3067.0,99.86,0.0,713.0,0.31,4.842,1263.1,1159.72
402,4.754,1710.0,24.35,3070.0,99.47,0.0,0.0,0.0,4.754,1220.54,1144.45
403,4.811,1696.0,23.68,3069.0,99.64,0.001,712.0,0.63,4.812,1258.56,1158.25
404,4.887,1681.0,30.58,3068.0,100.0,0.0,0.0,0.0,4.887,1261.85,1154.48
405,4.823,1675.0,21.87,3068.0,99.87,0.0,0.0,0.0,4.823,1256.35,1152.48
406,4.884,1667.0,22.41,3066.0,100.0,0.0,0.0,0.0,4.884,1274.78,1155.42
407,4.805,1714.0,23.13,3068.0,99.59,0.0,0.0,0.0,4.805,1245.69,1142.35
408,4.836,1690.0,22.34,3068.0,99.83,0.0,0.0,0.0,4.836,1260.07,1158.16
409,4.859,1670.0,22.35,3067.0,100.0,0.0,0.0,0.0,4.859,1264.4,1153.66
410,4.819,1703.0,25.44,3069.0,99.61,0.0,0.0,0.0,4.819,1257.36,1155.58
411,4.853,1661.0,21.44,3067.0,99.86,0.0,0.0,0.0,4.853,1264.09,1150.91
412,4.831,1692.0,25.16,3068.0,99.74,0.0,715.0,0.41,4.831,1251.46,1144.38
413,4.837,1684.0,21.67,3068.0,99.7,0.0,0.0,0.0,4.837,1264.19,1156.82
414,4.778,1700.0,25.0,3070.0,99.63,0.0,0.0,0.0,4.778,1243.09,1154.63
415,4.826,1700.0,25.1,3068.0,99.69,0.0,0.0,0.0,4.826,1269.61,1150.1
416,4.869,1670.0,24.06,3067.0,99.89,0.0,0.0,0.0,4.869,1268.27,1154.21
417,4.863,1675.0,23.43,3067.0,99.86,0.002,711.0,0.53,4.865,1266.72,1155.85
418,4.844,1672.0,22.97,3068.0,99.88,0.0,0.0,0.0,4.844,1256.62,1155.52
419,4.823,1674.0,19.59,3067.0,99.8,0.003,712.0,0.63,4.826,1263.88,1143.3
420,4.814,1692.0,23.36,3068.0,99.84,0.0,0.0,0.0,4.814,1263.11,1158.43
421,4.793,1703.0,24.33,3069.0,99.55,0.0,0.0,0.0,4.793,1246.5,1145.76
422,4.872,1690.0,21.64,3066.0,100.0,0.0,0.0,0.0,4.872,1279.48,1154.05
423,4.867,1712.0,20.48,3066.0,100.0,0.0,0.0,0.0,4.867,1278.49,1156.8
424,4.834,1707.0,23.21,3068.0,99.88,0.0,0.0,0.0,4.834,1260.57,1157.9
425,4.805,1694.0,25.12,3069.0,99.72,0.0,0.0,0.0,4.805,1250.66,1143.3
426,4.794,1707.0,24.24,3069.0,99.57,0.0,0.0,0.0,4.794,1268.98,1157.43
427,4.862,1675.0,21.98,3067.0,100.0,0.0,0.0,0.0,4.862,1261.53,1152.26
428,4.846,1668.0,21.67,3067.0,99.84,0.0,0.0,0.0,4.846,1255.91,1150.79
429,4.858,1678.0,22.39,3066.0,100.0,0.0,0.0,0.0,4.858,1279.45,1145.49
430,4.845,1682.0,22.28,3067.0,99.82,0.0,0.0,0.0,4.845,1274.85,1158.07
431,4.842,1666.0,21.42,3067.0,99.88,0.0,0.0,0.0,4.842,1263.92,1155.18
432,4.812,1692.0,22.06,3068.0,99.72,0.0,0.0,0.0,4.812,1243.87,1147.18
433,4.857,1682.0,30.77,3068.0,99.74,0.0,0.0,0.0,4.857,1251.24,1156.94
434,4.82,1703.0,25.32,3068.0,99.77,0.0,714.0,0.41,4.82,1264.17,1143.93
435,4.868,1693.0,21.72,3066.0,100.0,0.0,0.0,0.0,4.868,1279.02,1162.17
436,4.785,1719.0,26.19,3070.0,99.62,0.0,0.0,0.0,4.785,1260.43,1150.88
437,4.782,1678.0,25.1,3070.0,99.52,0.0,0.0,0.0,4.782,1235.98,1153.53
438,4.844,1703.0,21.29,3067.0,99.85,0.0,0.0,0.0,4.844,1268.54,1145.11
439,4.85,1669.0,20.15,3067.0,100.0,0.0,0.0,0.0,4.85,1265.57,1155.18
440,4.867,1686.0,18.46,3066.0,100.0,0.0,0.0,0.0,4.867,1272.7,1153.88
441,4.849,1691.0,22.06,3067.0,99.86,0.0,0.0,0.0,4.849,1268.01,1155.46
442,4.835,1668.0,21.38,3067.0,99.86,0.0,0.0,0.0,4.835,1249.74,1150.95
443,4.818,1700.0,23.06,3068.0,99.79,0.0,0.0,0.0,4.818,1267.75,1148.2
444,4.802,1672.0,24.22,3068.0,99.58,0.002,713.0,0.31,4.804,1244.98,1155.12
445,4.801,1693.0,25.94,3070.0,99.84,0.0,0.0,0.0,4.801,1256.66,1149.03
446,4.87,1673.0,21.07,3066.0,100.0,0.0,0.0,0.0,4.87,1268.83,1150.57
447,4.793,1693.0,23.81,3070.0,99.62,0.0,0.0,0.0,4.793,1244.32,1154.08
448,4.906,1712.0,31.48,3067.0,100.0,0.0,709.0,0.22,4.906,1276.81,1156.63
449,4.888,1674.0,20.55,3066.0,100.0,0.0,0.0,0.0,4.888,1269.81,1151.57
450,4.833,1690.0,24.18,3068.0,99.71,0.0,708.0,0.22,4.833,1254.89,1153.42
451,4.854,1695.0,21.49,3067.0,99.87,0.0,0.0,0.0,4.854,1266.31,1152.22
452,4.877,1673.0,20.25,3066.0,100.0,0.0,0.0,0.0,4.877,1274.41,1152.72
453,4.872,1661.0,19.34,3066.0,100.0,0.0,0.0,0.0,4.872,1278.09,1153.22
454,4.841,1681.0,24.04,3068.0,100.0,0.0,0.0,0.0,4.841,1262.0,1151.81
455,4.827,1699.0,23.6,3068.0,99.71,0.0,0.0,0.0,4.827,1255.06,1152.32
456,4.866,1677.0,22.55,3067.0,100.0,0.0,0.0,0.0,4.866,1273.47,1154.25
457,4.779,1683.0,23.51,3070.0,99.7,0.0,0.0,0.0,4.779,1242.76,1147.07
458,4.827,1684.0,23.01,3068.0,99.7,0.0,0.0,0.0,4.827,1261.66,1155.92
459,4.698,1703.0,25.75,3073.0,99.17,0.0,0.0,0.0,4.698,1229.69,1148.97
460,4.88,1656.0,19.3,3066.0,100.0,0.0,0.0,0.0,4.88,1276.41,1151.42
461,4.831,1682.0,22.58,3068.0,99.72,0.0,0.0,0.0,4.831,1263.67,1155.31
462,4.814,1699.0,25.76,3069.0,99.83,0.0,715.0,0.51,4.814,1256.65,1141.68
463,4.855,1703.0,38.35,3068.0,99.6,0.0,0.0,0.0,4.855,1247.85,1163.05
464,4.836,1696.0,22.33,3067.0,100.0,0.0,0.0,0.0,4.836,1258.82,1149.17
465,4.876,1679.0,23.15,3067.0,99.92,0.0,712.0,0.32,4.876,1267.72,1155.29
466,4.857,1692.0,21.59,3067.0,100.0,0.0,0.0,0.0,4.857,1261.91,1155.26
467,4.774,1713.0,24.16,3070.0,99.46,0.0,0.0,0.0,4.774,1241.89,1141.53
468,4.849,1716.0,25.23,3067.0,99.81,0.0,0.0,0.0,4.849,1277.9,1160.71
469,4.891,1673.0,21.02,3066.0,100.0,0.0,0.0,0.0,4.891,1278.5,1156.27
470,5.147,1692.0,24.76,3063.0,99.89,0.0,0.0,0.0,5.147,1263.5,1150.43
471,4.879,1658.0,20.26,3066.0,100.0,0.0,0.0,0.0,4.879,1269.55,1150.71
472,4.835,1686.0,23.06,3068.0,99.88,0.0,0.0,0.0,4.835,1264.22,1157.15
473,4.833,1702.0,23.49,3068.0,99.74,0.0,0.0,0.0,4.833,1264.53,1151.64
474,5.001,1687.0,43.04,3066.0,100.0,0.0,715.0,0.51,5.001,1270.38,1150.55
475,4.871,1671.0,20.9,3066.0,100.0,0.0,0.0,0.0,4.871,1275.11,1152.92
476,4.837,1687.0,22.81,3068.0,99.85,0.0,0.0,0.0,4.837,1260.66,1155.2
477,4.834,1688.0,22.95,3068.0,99.85,0.0,0.0,0.0,4.834,1260.24,1153.34
478,4.845,1701.0,21.69,3067.0,99.84,0.0,0.0,0.0,4.845,1266.16,1153.03
479,4.851,1714.0,18.42,3066.0,99.84,0.0,0.0,0.0,4.851,1271.31,1153.41
480,4.802,1686.0,19.89,3067.0,99.87,0.001,712.0,0.32,4.803,1283.02,1142.93
481,4.852,1682.0,20.31,3067.0,99.85,0.0,0.0,0.0,4.852,1268.12,1153.45
482,4.833,1701.0,22.77,3068.0,99.7,0.0,0.0,0.0,4.833,1263.14,1156.97
483,4.864,1666.0,22.52,3067.0,99.86,0.0,0.0,0.0,4.864,1270.97,1154.76
484,4.839,1689.0,23.51,3068.0,99.87,0.0,0.0,0.0,4.839,1260.75,1154.45
485,4.88,1686.0,22.17,3066.0,100.0,0.001,708.0,0.43,4.881,1274.44,1152.41
486,4.852,1706.0,23.78,3068.0,99.77,0.0,0.0,0.0,4.852,1263.45,1154.77
487,4.839,1703.0,20.44,3067.0,99.77,0.0,0.0,0.0,4.839,1263.68,1149.44
488,4.849,1695.0,23.42,3067.0,99.85,0.0,0.0,0.0,4.849,1275.88,1152.46
489,4.804,1688.0,23.72,3069.0,99.57,0.0,0.0,0.0,4.804,1250.38,1150.05
490,4.898,1713.0,31.05,3067.0,99.7,0.0,709.0,0.22,4.898,1264.97,1158.52
491,4.878,1670.0,20.13,3066.0,100.0,0.0,0.0,0.0,4.878,1272.83,1151.09
492,4.864,1696.0,22.75,3067.0,99.86,0.0,0.0,0.0,4.864,1264.6,1155.89
493,4.883,1706.0,36.69,3068.0,99.85,0.0,0.0,0.0,4.883,1265.36,1154.66
494,4.864,1670.0,19.82,3066.0,100.0,0.0,0.0,0.0,4.864,1257.92,1149.89
495,4.81,1720.0,25.69,3068.0,99.7,0.001,713.0,0.73,4.811,1242.98,1153.49
496,4.817,1675.0,24.35,3069.0,99.74,0.0,0.0,0.0,4.817,1253.48,1147.41
497,4.851,1684.0,20.09,3067.0,99.83,0.0,0.0,0.0,4.851,1265.99,1154.1
498,4.86,1683.0,23.66,3068.0,100.0,0.0,0.0,0.0,4.86,1268.34,1150.03
499,4.93,1744.0,32.09,3065.0,100.0,0.0,0.0,0.0,4.93,1274.85,1148.85
500,4.83,1681.0,17.03,3067.0,99.86,0.0,0.0,0.0,4.83,1268.74,1157.71
501,4.869,1663.0,20.79,3066.0,100.0,0.0,0.0,0.0,4.869,1265.58,1150.62
502,4.836,1682.0,22.43,3068.0,99.89,0.0,0.0,0.0,4.836,1261.53,1154.96
503,4.879,1669.0,21.57,3066.0,100.0,0.0,0.0,0.0,4.879,1269.78,1153.42
504,4.826,1689.0,24.19,3068.0,99.79,0.0,0.0,0.0,4.826,1259.43,1154.49
505,4.835,1704.0,22.76,3068.0,99.83,0.0,0.0,0.0,4.835,1247.41,1150.56
506,4.81,1671.0,22.1,3069.0,99.76,0.0,0.0,0.0,4.81,1258.56,1148.22
507,4.89,1661.0,22.39,3066.0,99.85,0.0,0.0,0.0,4.89,1263.39,1151.8
508,4.859,1686.0,21.61,3067.0,99.86,0.0,0.0,0.0,4.859,1263.8,1150.75
509,4.836,1674.0,21.89,3068.0,99.86,0.0,0.0,0.0,4.836,1258.79,1155.83
510,4.875,1674.0,22.33,3066.0,100.0,0.001,714.0,0.41,4.876,1271.83,1153.72
511,4.835,1682.0,23.99,3069.0,99.91,0.0,0.0,0.0,4.835,1270.82,1154.74
512,4.829,1680.0,22.91,3068.0,99.73,0.001,708.0,0.22,4.83,1253.18,1150.0
513,4.858,1673.0,21.84,3067.0,99.85,0.0,0.0,0.0,4.858,1268.28,1154.1
514,4.832,1699.0,23.66,3068.0,99.75,0.0,0.0,0.0,4.832,1252.48,1142.08
515,4.808,1675.0,25.27,3070.0,99.7,0.0,0.0,0.0,4.808,1257.35,1156.35
516,4.848,1682.0,23.01,3068.0,99.77,0.0,0.0,0.0,4.848,1264.7,1156.84
517,4.858,1697.0,24.63,3068.0,99.86,0.0,0.0,0.0,4.858,1263.98,1151.79
518,4.841,1699.0,23.47,3068.0,99.77,0.0,0.0,0.0,4.841,1266.14,1152.28
519,4.85,1687.0,19.67,3067.0,100.0,0.0,0.0,0.0,4.85,1268.7,1155.19
520,4.829,1666.0,19.52,3068.0,99.84,0.0,0.0,0.0,4.829,1254.24,1149.31
521,4.857,1658.0,22.59,3067.0,100.0,0.0,714.0,0.41,4.857,1268.14,1150.25
522,4.92,1680.0,36.23,3067.0,100.0,0.0,0.0,0.0,4.92,1272.09,1159.14
523,4.866,1673.0,21.57,3066.0,100.0,0.0,0.0,0.0,4.866,1269.59,1153.39
524,4.84,1696.0,22.81,3067.0,99.87,0.0,0.0,0.0,4.84,1279.72,1151.43
525,4.782,1687.0,21.89,3068.0,99.55,0.0,0.0,0.0,4.782,1226.8,1144.3
526,4.868,1672.0,22.61,3067.0,100.0,0.0,712.0,0.32,4.868,1267.88,1152.27
527,4.86,1698.0,22.75,3068.0,99.93,0.0,0.0,0.0,4.86,1261.2,1159.67
528,4.848,1701.0,22.58,3067.0,99.84,0.0,0.0,0.0,4.848,1269.0,1153.47
529,4.877,1671.0,20.95,3066.0,100.0,0.0,0.0,0.0,4.877,1276.3,1152.88
530,4.834,1708.0,21.83,3068.0,99.68,0.0,0.0,0.0,4.834,1260.52,1153.79
531,4.816,1691.0,24.53,3069.0,99.85,0.0,0.0,0.0,4.816,1254.11,1152.56
532,4.846,1677.0,20.54,3067.0,99.83,0.0,0.0,0.0,4.846,1272.63,1145.39
533,4.818,1701.0,22.75,3068.0,99.74,0.0,0.0,0.0,4.818,1259.0,1157.12
534,4.852,1680.0,22.85,3067.0,100.0,0.0,0.0,0.0,4.852,1270.03,1142.72
535,4.85,1706.0,23.04,3067.0,100.0,0.0,0.0,0.0,4.85,1274.65,1161.9
536,4.811,1694.0,24.19,3070.0,99.73,0.0,0.0,0.0,4.811,1262.96,1149.23
537,4.897,1675.0,21.94,3066.0,100.0,0.0,0.0,0.0,4.897,1272.24,1152.49
538,4.757,1713.0,26.62,3071.0,99.4,0.0,0.0,0.0,4.757,1237.31,1155.49
539,4.857,1679.0,20.26,3067.0,99.85,0.0,0.0,0.0,4.857,1268.46,1145.2
540,4.84,1675.0,21.28,3067.0,99.86,0.0,0.0,0.0,4.84,1276.07,1151.48
541,4.83,1661.0,23.83,3068.0,99.85,0.0,713.0,0.31,4.83,1268.32,1160.16
542,4.835,1682.0,22.31,3068.0,99.8,0.0,0.0,0.0,4.835,1254.45,1151.87
543,4.833,1704.0,24.24,3068.0,99.86,0.0,708.0,0.22,4.833,1256.39,1144.65
544,4.814,1696.0,23.98,3069.0,99.58,0.0,0.0,0.0,4.814,1263.13,1158.92
545,4.836,1674.0,21.4,3068.0,99.72,0.0,0.0,0.0,4.836,1256.16,1155.46
546,4.785,1688.0,25.91,3070.0,99.51,0.0,0.0,0.0,4.785,1246.28,1142.62
547,4.867,1699.0,23.88,3065.0,99.84,0.0,0.0,0.0,4.867,1302.8,1157.14
548,4.878,1730.0,22.76,3063.0,99.94,0.0,0.0,0.0,4.878,1321.62,1142.99
549,4.837,1690.0,24.18,3068.0,99.71,0.0,0.0,0.0,4.837,1268.76,1156.99
550,4.816,1714.0,25.08,3069.0,99.55,0.0,0.0,0.0,4.816,1263.29,1160.05
551,4.815,1719.0,24.58,3069.0,99.73,0.0,0.0,0.0,4.815,1244.28,1148.35
552,4.908,1695.0,36.28,3067.0,99.83,0.0,0.0,0.0,4.908,1286.59,1156.27
553,4.829,1674.0,23.01,3067.0,99.68,0.0,0.0,0.0,4.829,1258.09,1144.82
554,4.783,1703.0,25.48,3070.0,99.42,0.0,0.0,0.0,4.783,1257.52,1159.35
555,4.863,1667.0,21.11,3067.0,100.0,0.0,0.0,0.0,4.863,1260.59,1153.7
556,4.845,1680.0,20.39,3067.0,99.86,0.0,0.0,0.0,4.845,1242.57,1149.62
557,4.86,1698.0,24.15,3067.0,99.86,0.0,712.0,0.31,4.86,1262.48,1154.37
558,4.853,1705.0,21.54,3067.0,99.91,0.0,0.0,0.0,4.853,1266.68,1144.79
559,4.781,1709.0,22.52,3070.0,99.46,0.0,0.0,0.0,4.781,1250.23,1161.66
560,4.802,1684.0,18.97,3069.0,99.72,0.0,0.0,0.0,4.802,1254.04,1143.06
561,4.824,1700.0,24.69,3068.0,99.85,0.0,0.0,0.0,4.824,1278.88,1151.29
562,4.849,1683.0,20.56,3067.0,99.86,0.0,0.0,0.0,4.849,1275.25,1155.1
563,4.814,1697.0,25.92,3069.0,99.76,0.0,0.0,0.0,4.814,1266.32,1157.66
564,4.86,1677.0,21.56,3067.0,99.86,0.0,0.0,0.0,4.86,1267.98,1154.59
565,4.814,1691.0,25.3,3069.0,99.59,0.0,0.0,0.0,4.814,1243.7,1140.97
566,4.868,1715.0,29.9,3068.0,99.69,0.0,0.0,0.0,4.868,1264.52,1155.41
567,4.837,1711.0,23.28,3068.0,99.71,0.0,0.0,0.0,4.837,1270.54,1157.81
568,4.881,1679.0,20.11,3066.0,100.0,0.0,0.0,0.0,4.881,1274.1,1151.41
569,4.848,1678.0,22.44,3067.0,99.72,0.0,0.0,0.0,4.848,1260.36,1155.27
570,4.832,1701.0,22.72,3067.0,99.75,0.0,0.0,0.0,4.832,1261.16,1150.19
571,4.819,1710.0,23.06,3068.0,99.76,0.0,0.0,0.0,4.819,1248.33,1147.12
572,4.786,1743.0,26.4,3069.0,99.45,0.0,713.0,0.31,4.786,1257.28,1156.13
573,4.831,1667.0,22.21,3068.0,99.71,0.0,0.0,0.0,4.831,1257.69,1145.74
574,4.865,1691.0,22.97,3067.0,99.81,0.0,710.0,0.22,4.865,1270.37,1153.28
575,4.91,1676.0,23.37,3066.0,100.0,0.0,0.0,0.0,4.91,1270.17,1161.78
576,4.831,1704.0,23.16,3067.0,99.68,0.0,0.0,0.0,4.831,1264.04,1144.73
577,4.866,1694.0,24.92,3067.0,99.85,0.0,0.0,0.0,4.866,1271.51,1155.7
578,4.849,1704.0,22.85,3067.0,99.84,0.0,0.0,0.0,4.849,1265.92,1155.41
579,4.81,1678.0,21.96,3069.0,99.87,0.0,0.0,0.0,4.81,1258.73,1148.09
580,4.774,1699.0,23.47,3070.0,99.52,0.0,712.0,0.31,4.774,1251.27,1156.29
581,4.877,1705.0,36.78,3068.0,99.69,0.0,0.0,0.0,4.877,1265.06,1156.96
582,4.845,1682.0,22.51,3067.0,99.86,0.0,0.0,0.0,4.845,1265.49,1149.36
583,4.862,1678.0,21.16,3067.0,100.0,0.0,0.0,0.0,4.862,1266.26,1155.21
584,4.774,1707.0,26.17,3071.0,99.55,0.0,0.0,0.0,4.774,1246.38,1147.86
585,4.881,1673.0,19.46,3066.0,100.0,0.0,0.0,0.0,4.881,1269.67,1152.94
586,4.858,1687.0,22.83,3067.0,99.81,0.0,0.0,0.0,4.858,1269.82,1156.44
587,4.766,1744.0,28.61,3071.0,99.33,0.0,0.0,0.0,4.766,1222.2,1149.49
588,4.841,1686.0,24.53,3068.0,99.85,0.0,712.0,0.31,4.841,1258.01,1152.93
589,5.203,1714.0,24.47,3061.0,100.0,0.0,0.0,0.0,5.203,1270.01,1152.37
590,4.837,1690.0,23.22,3068.0,99.73,0.0,0.0,0.0,4.837,1253.14,1143.63
591,4.839,1688.0,22.28,3068.0,99.85,0.0,0.0,0.0,4.839,1260.44,1155.07
592,4.811,1697.0,26.78,3069.0,99.86,0.001,713.0,0.63,4.812,1248.98,1148.26
593,4.822,1697.0,25.38,3068.0,99.56,0.0,0.0,0.0,4.822,1261.8,1158.63
594,4.841,1698.0,23.63,3068.0,99.72,0.0,0.0,0.0,4.841,1262.68,1155.79
595,4.829,1681.0,23.1,3069.0,99.86,0.0,0.0,0.0,4.829,1265.5,1152.02
596,4.886,1679.0,20.88,3066.0,100.0,0.0,0.0,0.0,4.886,1275.11,1154.29
597,4.85,1697.0,29.41,3068.0,99.71,0.001,714.0,0.41,4.851,1256.87,1147.06
598,4.733,1723.0,25.99,3071.0,99.15,0.0,0.0,0.0,4.733,1236.04,1158.63
599,4.829,1670.0,20.85,3068.0,99.84,0.0,0.0,0.0,4.829,1272.54,1149.95
600,4.778,1713.0,21.96,3070.0,99.57,0.0,0.0,0.0,4.778,1246.74,1153.06
601,4.908,1748.0,22.47,3059.0,99.96,0.0,0.0,0.0,4.908,1378.57,1147.3
602,4.874,1779.0,28.16,3063.0,99.93,0.0,0.0,0.0,4.874,1379.91,1149.1
603,4.829,1700.0,23.93,3068.0,99.73,0.0,0.0,0.0,4.829,1270.54,1151.84
604,4.858,1706.0,22.84,3067.0,99.81,0.0,0.0,0.0,4.858,1263.32,1156.34
605,4.872,1698.0,21.52,3066.0,100.0,0.0,0.0,0.0,4.872,1290.29,1151.87
606,4.851,1693.0,28.75,3068.0,99.74,0.0,0.0,0.0,4.851,1262.57,1143.53
607,4.853,1699.0,24.79,3068.0,99.87,0.0,0.0,0.0,4.853,1264.27,1155.19
608,4.76,1697.0,26.2,3070.0,99.32,0.0,0.0,0.0,4.76,1241.76,1157.23
609,4.848,1655.0,24.65,3068.0,99.87,0.0,0.0,0.0,4.848,1271.32,1144.14
610,4.812,1711.0,24.36,3069.0,99.73,0.0,0.0,0.0,4.812,1260.08,1157.8
611,4.904,1691.0,35.61,3066.0,99.86,0.0,0.0,0.0,4.904,1273.7,1154.47
612,4.862,1678.0,19.39,3066.0,99.88,0.0,0.0,0.0,4.862,1263.9,1154.3
613,4.847,1687.0,22.17,3067.0,100.0,0.0,0.0,0.0,4.847,1270.93,1151.16
614,4.839,1697.0,23.83,3068.0,99.77,0.0,0.0,0.0,4.839,1257.76,1150.78
615,4.825,1717.0,25.17,3068.0,99.69,0.0,0.0,0.0,4.825,1278.9,1143.07
616,4.879,1672.0,20.67,3066.0,100.0,0.0,0.0,0.0,4.879,1276.09,1153.25
617,4.842,1674.0,23.51,3068.0,99.7,0.0,0.0,0.0,4.842,1266.15,1154.53
618,4.834,1706.0,22.92,3067.0,99.66,0.0,0.0,0.0,4.834,1244.6,1156.68
619,4.803,1703.0,26.14,3069.0,99.71,0.004,713.0,0.63,4.807,1248.87,1146.01
620,4.792,1695.0,19.53,3069.0,99.7,0.0,0.0,0.0,4.792,1261.8,1158.35
621,4.84,1691.0,21.34,3067.0,99.86,0.0,0.0,0.0,4.84,1259.53,1141.8
622,4.863,1685.0,22.12,3067.0,100.0,0.0,0.0,0.0,4.863,1266.8,1155.11
623,4.831,1705.0,21.89,3068.0,99.69,0.0,0.0,0.0,4.831,1265.46,1157.13
624,4.851,1673.0,22.6,3067.0,99.86,0.0,0.0,0.0,4.851,1260.39,1150.37
625,4.879,1722.0,27.08,3067.0,99.86,0.0,0.0,0.0,4.879,1272.14,1143.71
626,4.833,1681.0,23.53,3068.0,99.86,0.0,0.0,0.0,4.833,1266.02,1157.22
627,4.857,1659.0,21.41,3067.0,100.0,0.0,0.0,0.0,4.857,1266.81,1155.88
628,4.802,1671.0,23.75,3069.0,99.68,0.0,0.0,0.0,4.802,1247.29,1140.18
629,4.845,1669.0,24.19,3068.0,99.86,0.0,0.0,0.0,4.845,1266.77,1157.1
630,4.826,1700.0,22.89,3068.0,99.65,0.0,0.0,0.0,4.826,1263.88,1155.55
631,4.836,1669.0,21.92,3067.0,99.85,0.0,0.0,0.0,4.836,1258.44,1142.89
632,4.836,1693.0,22.4,3068.0,99.67,0.0,0.0,0.0,4.836,1266.92,1158.32
633,4.87,1684.0,19.89,3066.0,100.0,0.0,0.0,0.0,4.87,1270.26,1155.4
634,4.858,1709.0,23.0,3067.0,99.9,0.0,714.0,0.41,4.858,1264.27,1142.77
635,4.803,1677.0,24.01,3069.0,99.75,0.0,0.0,0.0,4.803,1264.61,1155.32
636,4.835,1691.0,28.24,3069.0,99.61,0.001,709.0,0.22,4.836,1255.45,1148.08
637,4.832,1691.0,22.03,3068.0,99.71,0.0,0.0,0.0,4.832,1260.1,1155.86
638,4.839,1684.0,24.78,3068.0,99.86,0.0,0.0,0.0,4.839,1254.31,1140.72
639,4.874,1660.0,18.5,3066.0,100.0,0.0,0.0,0.0,4.874,1277.6,1156.23
640,4.877,1640.0,24.83,3066.0,100.0,0.0,714.0,0.41,4.877,1275.71,1155.84
641,4.792,1720.0,24.55,3069.0,99.59,0.0,0.0,0.0,4.792,1261.26,1146.22
642,4.801,1689.0,23.0,3069.0,99.61,0.0,0.0,0.0,4.801,1246.71,1154.21
643,4.852,1702.0,21.04,3067.0,100.0,0.0,0.0,0.0,4.852,1272.06,1148.79
644,4.851,1685.0,21.85,3067.0,100.0,0.0,0.0,0.0,4.851,1268.46,1159.56
645,4.843,1699.0,22.89,3068.0,99.89,0.0,0.0,0.0,4.843,1253.11,1149.15
646,4.791,1717.0,26.02,3070.0,99.48,0.0,0.0,0.0,4.791,1266.3,1152.6
647,4.777,1710.0,25.26,3069.0,99.44,0.0,0.0,0.0,4.777,1243.16,1146.92
648,4.875,1661.0,20.2,3066.0,100.0,0.0,0.0,0.0,4.875,1266.93,1155.67
649,4.857,1679.0,21.7,3067.0,100.0,0.0,0.0,0.0,4.857,1249.9,1154.3
650,4.86,1692.0,24.74,3067.0,99.85,0.0,714.0,0.41,4.86,1267.14,1144.36
651,4.784,1702.0,26.71,3070.0,99.51,0.0,0.0,0.0,4.784,1251.24,1156.97
652,4.85,1684.0,20.51,3067.0,99.85,0.0,0.0,0.0,4.85,1273.33,1148.64
653,4.855,1675.0,21.22,3067.0,99.86,0.0,0.0,0.0,4.855,1272.8,1159.24
654,4.851,1679.0,21.1,3067.0,99.8,0.0,0.0,0.0,4.851,1255.11,1148.09
655,4.868,1709.0,25.9,3067.0,99.84,0.0,0.0,0.0,4.868,1275.18,1147.22
656,4.841,1696.0,23.26,3068.0,99.71,0.0,0.0,0.0,4.841,1272.16,1159.41
657,4.782,1697.0,25.53,3069.0,99.45,0.0,0.0,0.0,4.782,1247.9,1144.85
658,4.739,1716.0,27.85,3071.0,99.19,0.0,0.0,0.0,4.739,1243.67,1150.67
659,4.812,1717.0,23.6,3069.0,99.55,0.0,0.0,0.0,4.812,1260.57,1158.05
660,4.82,1733.0,20.23,3062.0,99.89,0.0,0.0,0.0,4.82,1364.2,1146.62
661,4.866,1779.0,26.38,3060.0,99.89,0.0,0.0,0.0,4.866,1405.86,1137.99
662,4.931,1756.0,23.17,3057.0,100.0,0.0,0.0,0.0,4.931,1400.31,1146.74
663,4.886,1756.0,23.39,3061.0,99.83,0.0,0.0,0.0,4.886,1352.88,1149.73
664,4.924,1717.0,21.17,3058.0,100.0,0.0,0.0,0.0,4.924,1382.63,1146.3
665,4.933,1706.0,22.98,3060.0,100.0,0.0,0.0,0.0,4.933,1358.16,1151.19
666,4.805,1686.0,22.6,3069.0,99.81,0.0,0.0,0.0,4.805,1279.31,1147.03
667,4.838,1685.0,20.97,3068.0,99.78,0.0,0.0,0.0,4.838,1258.69,1153.86
668,4.778,1691.0,26.35,3070.0,99.5,0.0,0.0,0.0,4.778,1256.6,1153.56
669,4.814,1697.0,23.29,3069.0,99.67,0.0,0.0,0.0,4.814,1246.81,1140.25
670,4.917,1698.0,29.47,3066.0,100.0,0.0,0.0,0.0,4.917,1281.88,1154.23
671,4.837,1689.0,23.56,3068.0,99.77,0.0,0.0,0.0,4.837,1268.06,1159.29
672,4.824,1690.0,21.89,3068.0,99.7,0.0,0.0,0.0,4.824,1274.09,1150.11
673,4.823,1704.0,24.06,3068.0,99.68,0.0,0.0,0.0,4.823,1267.8,1149.47
674,4.829,1681.0,23.02,3068.0,99.68,0.0,0.0,0.0,4.829,1265.13,1151.42
675,4.861,1686.0,24.32,3067.0,99.85,0.0,0.0,0.0,4.861,1282.71,1146.65
676,4.814,1701.0,26.01,3069.0,99.63,0.0,0.0,0.0,4.814,1268.04,1157.87
677,4.835,1709.0,22.37,3068.0,99.68,0.0,0.0,0.0,4.835,1258.46,1147.35
678,4.826,1661.0,21.98,3068.0,99.86,0.0,0.0,0.0,4.826,1258.16,1156.11
679,4.837,1684.0,21.29,3067.0,99.82,0.0,0.0,0.0,4.837,1249.1,1142.72
680,4.802,1657.0,17.25,3068.0,99.85,0.0,0.0,0.0,4.802,1252.73,1159.44
681,4.85,1679.0,21.86,3067.0,100.0,0.0,712.0,0.32,4.85,1267.32,1144.02
682,4.816,1698.0,24.47,3069.0,99.57,0.0,0.0,0.0,4.816,1265.81,1160.63
683,4.842,1694.0,22.84,3067.0,99.86,0.0,0.0,0.0,4.842,1259.78,1151.52
684,4.859,1680.0,22.77,3066.0,99.9,0.0,0.0,0.0,4.859,1271.39,1148.35
685,4.905,1682.0,25.47,3066.0,100.0,0.0,0.0,0.0,4.905,1275.45,1155.46
686,4.823,1695.0,20.75,3068.0,99.68,0.0,0.0,0.0,4.823,1253.58,1152.1
687,4.812,1696.0,22.84,3069.0,99.62,0.0,0.0,0.0,4.812,1264.51,1149.93
688,4.727,1721.0,28.68,3072.0,99.26,0.0,0.0,0.0,4.727,1238.16,1149.22
689,4.85,1706.0,24.19,3068.0,99.72,0.0,0.0,0.0,4.85,1270.21,1152.5
690,4.784,1709.0,24.76,3069.0,99.6,0.0,0.0,0.0,4.784,1265.86,1148.3
691,4.825,1696.0,21.61,3068.0,99.71,0.0,0.0,0.0,4.825,1254.55,1153.41
692,4.782,1708.0,23.28,3070.0,99.6,0.0,0.0,0.0,4.782,1264.02,1150.2
693,4.801,1692.0,23.82,3069.0,99.58,0.0,0.0,0.0,4.801,1255.65,1147.33
694,4.782,1707.0,25.02,3069.0,99.43,0.0,0.0,0.0,4.782,1248.55,1148.14
695,4.846,1690.0,23.16,3067.0,99.85,0.0,0.0,0.0,4.846,1273.71,1159.35
696,4.828,1689.0,26.27,3069.0,99.78,0.0,712.0,0.31,4.828,1246.28,1145.65
697,4.878,1688.0,20.86,3066.0,100.0,0.0,0.0,0.0,4.878,1282.64,1157.67
698,4.848,1688.0,25.46,3068.0,99.86,0.0,708.0,0.22,4.848,1262.8,1154.59
699,4.84,1663.0,19.51,3067.0,100.0,0.0,712.0,0.32,4.84,1263.25,1145.86
700,4.886,1675.0,27.46,3066.0,99.83,0.0,0.0,0.0,4.886,1271.75,1155.84
701,4.838,1678.0,23.94,3068.0,99.75,0.0,0.0,0.0,4.838,1264.12,1153.54
702,4.798,1697.0,24.39,3069.0,99.59,0.0,0.0,0.0,4.798,1257.17,1150.18
703,4.802,1683.0,24.32,3069.0,99.6,0.0,0.0,0.0,4.802,1252.4,1144.91
704,4.786,1713.0,25.47,3069.0,99.43,0.0,0.0,0.0,4.786,1248.42,1155.39
705,4.834,1697.0,23.85,3068.0,99.75,0.0,0.0,0.0,4.834,1275.19,1148.67
706,4.834,1703.0,23.86,3068.0,99.74,0.0,0.0,0.0,4.834,1267.02,1154.88
707,5.195,1733.0,25.04,3061.0,99.86,0.0,0.0,0.0,5.195,1267.6,1154.49
708,4.812,1713.0,24.36,3069.0,99.6,0.0,0.0,0.0,4.812,1257.64,1147.22
709,4.76,1696.0,25.87,3071.0,99.44,0.0,0.0,0.0,4.76,1240.13,1146.33
710,4.801,1726.0,24.37,3069.0,99.57,0.0,0.0,0.0,4.801,1248.11,1159.88
711,4.854,1708.0,23.74,3067.0,99.85,0.0,0.0,0.0,4.854,1259.92,1144.2
712,4.82,1730.0,26.58,3069.0,99.57,0.0,0.0,0.0,4.82,1266.56,1159.61
713,4.861,1687.0,23.42,3066.0,100.0,0.0,714.0,0.41,4.861,1262.13,1143.63
714,4.872,1687.0,23.02,3066.0,99.87,0.0,0.0,0.0,4.872,1272.56,1154.77
715,4.792,1704.0,25.85,3070.0,99.36,0.0,0.0,0.0,4.792,1254.87,1157.56
716,4.93,1706.0,25.96,3067.0,100.0,0.0,0.0,0.0,4.93,1273.12,1152.87
717,4.896,1714.0,31.42,3067.0,100.0,0.0,0.0,0.0,4.896,1270.35,1152.26
718,4.818,1695.0,23.8,3069.0,99.71,0.0,0.0,0.0,4.818,1257.16,1151.32
719,4.867,1691.0,21.59,3067.0,99.85,0.0,0.0,0.0,4.867,1266.73,1154.14
720,4.749,1698.0,23.02,3071.0,99.34,0.0,0.0,0.0,4.749,1254.45,1152.95
721,4.809,1693.0,23.96,3069.0,99.78,0.0,0.0,0.0,4.809,1248.27,1141.92
722,4.751,1711.0,28.06,3072.0,99.53,0.0,0.0,0.0,4.751,1255.18,1156.61
723,4.82,1732.0,23.91,3069.0,99.53,0.0,0.0,0.0,4.82,1253.4,1152.37
724,4.844,1696.0,23.83,3068.0,99.81,0.0,0.0,0.0,4.844,1272.08,1151.21
725,4.765,1687.0,25.68,3071.0,99.44,0.0,0.0,0.0,4.765,1238.1,1148.38
726,4.786,1709.0,25.19,3071.0,99.49,0.0,0.0,0.0,4.786,1260.39,1152.64
727,4.815,1723.0,31.34,3071.0,99.55,0.001,711.0,0.53,4.816,1253.84,1154.38
728,4.817,1693.0,22.87,3069.0,99.52,0.0,0.0,0.0,4.817,1251.66,1151.13
729,4.909,1708.0,37.01,3067.0,99.85,0.0,714.0,0.41,4.909,1295.2,1155.78
730,4.87,1688.0,22.17,3066.0,99.87,0.0,0.0,0.0,4.87,1264.43,1151.45
731,4.811,1696.0,25.31,3069.0,99.53,0.0,0.0,0.0,4.811,1268.3,1140.91
732,4.871,1687.0,22.56,3067.0,99.84,0.0,0.0,0.0,4.871,1276.67,1153.83
733,4.867,1674.0,22.3,3067.0,99.87,0.0,0.0,0.0,4.867,1274.26,1152.97
734,4.884,1688.0,24.79,3067.0,100.0,0.0,0.0,0.0,4.884,1269.4,1153.05
735,4.827,1708.0,24.99,3069.0,99.7,0.0,0.0,0.0,4.827,1265.84,1156.57
736,4.807,1688.0,23.19,3069.0,99.58,0.0,0.0,0.0,4.807,1254.71,1143.51
737,4.866,1696.0,21.47,3067.0,99.85,0.0,0.0,0.0,4.866,1275.69,1153.72
738,4.819,1691.0,22.99,3069.0,99.57,0.0,0.0,0.0,4.819,1258.74,1155.1
739,4.797,1682.0,22.85,3069.0,99.56,0.0,0.0,0.0,4.797,1269.26,1146.2
740,4.866,1678.0,21.01,3067.0,99.84,0.0,0.0,0.0,4.866,1272.07,1156.29
741,4.876,1686.0,21.35,3066.0,100.0,0.0,0.0,0.0,4.876,1278.31,1154.5
742,4.843,1685.0,20.35,3067.0,99.86,0.0,0.0,0.0,4.843,1254.27,1151.62
743,4.787,1715.0,25.8,3070.0,99.4,0.001,712.0,0.32,4.788,1263.52,1148.98
744,4.841,1714.0,30.68,3069.0,99.53,0.0,0.0,0.0,4.841,1266.15,1152.18
745,4.886,1681.0,21.9,3066.0,100.0,0.0,709.0,0.22,4.886,1277.68,1153.77
746,4.861,1721.0,23.28,3068.0,99.96,0.0,0.0,0.0,4.861,1269.5,1156.28
747,4.832,1700.0,23.73,3068.0,99.7,0.0,0.0,0.0,4.832,1259.58,1151.49
748,4.87,1655.0,21.86,3067.0,99.86,0.0,0.0,0.0,4.87,1273.0,1151.78
749,4.818,1697.0,22.61,3069.0,99.6,0.0,0.0,0.0,4.818,1263.01,1146.57
750,4.857,1685.0,23.14,3068.0,99.87,0.0,0.0,0.0,4.857,1264.47,1155.89
751,4.81,1700.0,24.66,3069.0,99.56,0.0,0.0,0.0,4.81,1256.07,1139.73
752,4.874,1694.0,24.17,3067.0,99.87,0.0,0.0,0.0,4.874,1279.31,1156.07
753,4.793,1703.0,25.3,3070.0,99.43,0.0,0.0,0.0,4.793,1254.65,1155.23
754,4.822,1695.0,25.75,3069.0,99.72,0.0,0.0,0.0,4.822,1256.33,1145.7
755,4.854,1695.0,22.91,3068.0,99.72,0.0,0.0,0.0,4.854,1269.33,1153.38
756,4.874,1674.0,23.33,3067.0,100.0,0.0,0.0,0.0,4.874,1275.07,1153.09
757,4.881,1672.0,22.65,3067.0,100.0,0.0,0.0,0.0,4.881,1270.05,1154.63
758,4.795,1710.0,26.87,3069.0,99.57,0.0,714.0,0.41,4.795,1257.07,1145.08
759,4.931,1677.0,30.56,3065.0,100.0,0.0,709.0,0.22,4.931,1277.17,1153.71
760,4.844,1681.0,23.38,3068.0,99.84,0.0,0.0,0.0,4.844,1268.21,1154.37
761,4.871,1696.0,24.05,3065.0,99.86,0.0,0.0,0.0,4.871,1310.97,1156.12
762,4.822,1716.0,28.25,3068.0,99.81,0.0,0.0,0.0,4.822,1289.58,1150.0
763,4.893,1684.0,20.24,3066.0,100.0,0.0,0.0,0.0,4.893,1271.66,1145.24
764,4.848,1702.0,23.48,3068.0,99.7,0.0,0.0,0.0,4.848,1271.05,1158.36
765,4.833,1695.0,24.41,3069.0,99.81,0.0,0.0,0.0,4.833,1258.23,1156.63
766,4.793,1728.0,26.39,3070.0,99.55,0.0,0.0,0.0,4.793,1254.69,1142.94
767,4.833,1692.0,24.7,3069.0,99.73,0.0,0.0,0.0,4.833,1265.42,1159.71
768,4.805,1685.0,22.8,3069.0,99.71,0.0,0.0,0.0,4.805,1249.47,1142.42
769,4.816,1674.0,23.85,3069.0,99.79,0.0,0.0,0.0,4.816,1267.26,1156.96
770,4.873,1696.0,25.08,3067.0,99.79,0.0,712.0,0.31,4.873,1271.85,1154.85
771,4.887,1686.0,20.67,3066.0,100.0,0.0,0.0,0.0,4.887,1283.22,1151.39
772,4.784,1694.0,24.98,3070.0,99.4,0.0,0.0,0.0,4.784,1239.5,1150.26
773,4.77,1722.0,25.98,3070.0,99.33,0.0,0.0,0.0,4.77,1246.67,1148.11
774,4.897,1694.0,22.72,3066.0,100.0,0.0,0.0,0.0,4.897,1279.44,1152.89
775,4.838,1680.0,24.87,3068.0,99.77,0.0,710.0,0.53,4.838,1263.28,1154.92
776,4.854,1702.0,21.73,3067.0,99.85,0.0,0.0,0.0,4.854,1268.24,1146.57
777,4.836,1667.0,23.14,3068.0,99.84,0.0,0.0,0.0,4.836,1263.83,1157.25
778,4.842,1682.0,19.27,3067.0,99.84,0.0,0.0,0.0,4.842,1265.55,1142.71
779,4.855,1666.0,18.7,3067.0,100.0,0.0,0.0,0.0,4.855,1275.12,1158.68
780,4.864,1685.0,21.9,3067.0,99.81,0.0,0.0,0.0,4.864,1271.34,1152.02
781,4.832,1710.0,23.78,3068.0,99.71,0.0,0.0,0.0,4.832,1272.71,1147.81
782,4.83,1706.0,24.44,3069.0,99.69,0.0,0.0,0.0,4.83,1259.62,1156.52
783,4.75,1703.0,27.03,3072.0,99.47,0.0,0.0,0.0,4.75,1251.54,1152.43
784,4.84,1707.0,24.7,3068.0,99.73,0.0,0.0,0.0,4.84,1262.87,1144.09
785,4.833,1683.0,24.09,3068.0,99.7,0.0,0.0,0.0,4.833,1273.6,1162.17
786,4.839,1684.0,22.6,3068.0,99.71,0.0,0.0,0.0,4.839,1257.8,1149.93
787,4.864,1675.0,21.51,3067.0,99.81,0.0,0.0,0.0,4.864,1275.19,1144.75
788,4.908,1713.0,35.48,3066.0,99.84,0.0,0.0,0.0,4.908,1278.86,1157.01
789,4.854,1714.0,25.49,3068.0,99.85,0.001,713.0,0.31,4.855,1268.79,1155.99
790,4.856,1699.0,21.68,3067.0,99.86,0.0,0.0,0.0,4.856,1272.09,1143.24
791,4.875,1722.0,29.91,3068.0,99.86,0.001,708.0,0.22,4.876,1278.96,1159.4
792,4.783,1695.0,27.16,3071.0,99.48,0.0,0.0,0.0,4.783,1242.19,1145.86
793,4.831,1683.0,24.27,3069.0,99.71,0.0,0.0,0.0,4.831,1269.34,1157.66
794,4.831,1691.0,22.68,3069.0,99.61,0.0,0.0,0.0,4.831,1256.96,1153.24
795,4.844,1694.0,22.7,3068.0,99.66,0.0,0.0,0.0,4.844,1268.89,1145.89
796,4.857,1682.0,24.04,3068.0,99.86,0.0,0.0,0.0,4.857,1275.54,1154.04
797,4.82,1690.0,24.33,3068.0,99.59,0.0,0.0,0.0,4.82,1259.84,1156.43
798,4.803,1713.0,21.68,3069.0,99.49,0.0,0.0,0.0,4.803,1261.84,1147.67
799,4.856,1664.0,19.74,3067.0,100.0,0.0,0.0,0.0,4.856,1280.75,1154.83
800,4.894,1700.0,21.5,3067.0,99.94,0.0,0.0,0.0,4.894,1270.04,1152.12
801,4.858,1689.0,24.34,3068.0,99.64,0.0,0.0,0.0,4.858,1271.01,1154.75
802,4.874,1684.0,22.24,3067.0,99.88,0.0,0.0,0.0,4.874,1272.91,1152.77
803,4.883,1689.0,31.68,3068.0,99.69,0.0,0.0,0.0,4.883,1249.56,1154.83
804,4.849,1683.0,23.78,3068.0,99.81,0.0,0.0,0.0,4.849,1267.87,1147.96
805,4.883,1749.0,25.83,3062.0,99.89,0.0,709.0,0.22,4.883,1364.04,1147.67
806,4.9,1759.0,26.32,3061.0,99.84,0.0,0.0,0.0,4.9,1361.56,1146.79
807,4.889,1736.0,25.32,3062.0,99.91,0.002,710.0,0.53,4.891,1378.25,1144.91
808,4.921,1712.0,21.56,3060.0,99.89,0.0,0.0,0.0,4.921,1356.59,1146.92
809,4.889,1712.0,22.14,3066.0,100.0,0.0,0.0,0.0,4.889,1284.1,1154.01
810,4.835,1712.0,24.99,3069.0,99.79,0.0,0.0,0.0,4.835,1262.86,1154.6
811,4.864,1704.0,21.13,3067.0,99.85,0.0,0.0,0.0,4.864,1263.51,1148.71
812,4.845,1709.0,21.34,3068.0,99.71,0.0,0.0,0.0,4.845,1281.53,1146.52
813,4.849,1684.0,23.22,3069.0,99.85,0.0,0.0,0.0,4.849,1271.79,1155.61
814,4.813,1696.0,26.28,3070.0,99.56,0.0,0.0,0.0,4.813,1263.27,1154.43
815,4.885,1677.0,21.83,3066.0,100.0,0.0,0.0,0.0,4.885,1291.76,1144.86
816,4.83,1709.0,24.94,3069.0,99.71,0.0,0.0,0.0,4.83,1273.25,1154.68
817,4.79,1723.0,29.46,3070.0,99.37,0.001,715.0,0.51,4.791,1264.04,1153.59
818,4.883,1700.0,37.02,3068.0,99.54,0.0,0.0,0.0,4.883,1273.28,1148.67
819,4.849,1674.0,18.61,3067.0,99.87,0.0,0.0,0.0,4.849,1278.14,1157.53
820,4.877,1698.0,23.8,3067.0,100.0,0.0,0.0,0.0,4.877,1282.83,1155.45
821,4.831,1678.0,22.01,3068.0,99.86,0.001,712.0,0.32,4.832,1256.74,1140.46
822,4.869,1706.0,22.32,3066.0,99.99,0.0,0.0,0.0,4.869,1301.1,1156.68
823,4.795,1692.0,24.49,3069.0,99.46,0.0,0.0,0.0,4.795,1249.35,1153.34
824,4.83,1703.0,24.76,3069.0,99.76,0.0,0.0,0.0,4.83,1268.82,1147.25
825,4.841,1705.0,23.59,3068.0,99.7,0.0,0.0,0.0,4.841,1270.48,1159.26
826,5.195,1713.0,28.08,3063.0,99.77,0.0,0.0,0.0,5.195,1266.05,1150.05
827,4.803,1725.0,25.78,3070.0,99.57,0.0,0.0,0.0,4.803,1246.04,1142.67
828,4.803,1720.0,25.31,3070.0,99.47,0.0,0.0,0.0,4.803,1266.4,1162.39
829,4.999,1718.0,42.27,3067.0,99.85,0.001,711.0,0.53,5.0,1270.59,1154.04
830,4.826,1694.0,22.55,3068.0,99.7,0.0,0.0,0.0,4.826,1256.91,1142.87
831,4.867,1686.0,22.32,3067.0,99.86,0.0,0.0,0.0,4.867,1282.72,1157.83
832,4.835,1702.0,24.15,3068.0,99.67,0.0,0.0,0.0,4.835,1263.63,1149.9
833,4.827,1703.0,23.68,3069.0,100.0,0.0,0.0,0.0,4.827,1268.88,1150.32
834,4.801,1689.0,25.09,3069.0,99.53,0.0,0.0,0.0,4.801,1241.28,1153.43
835,4.838,1675.0,22.88,3068.0,99.74,0.0,0.0,0.0,4.838,1280.24,1149.88
836,4.813,1708.0,24.44,3069.0,99.7,0.0,0.0,0.0,4.813,1258.12,1142.46
837,4.863,1692.0,22.42,3067.0,99.86,0.0,0.0,0.0,4.863,1276.88,1157.11
838,4.71,1725.0,25.83,3073.0,99.01,0.0,0.0,0.0,4.71,1247.39,1153.16
839,4.885,1643.0,18.53,3066.0,100.0,0.0,0.0,0.0,4.885,1274.22,1152.41
840,4.827,1719.0,24.93,3068.0,99.74,0.0,0.0,0.0,4.827,1271.41,1144.08
841,4.871,1705.0,22.03,3067.0,99.86,0.0,0.0,0.0,4.871,1278.81,1156.27
842,4.859,1688.0,23.76,3067.0,99.84,0.0,0.0,0.0,4.859,1284.56,1156.68
843,4.844,1674.0,23.54,3068.0,99.86,0.0,0.0,0.0,4.844,1254.5,1150.02
844,4.833,1675.0,23.55,3068.0,99.72,0.0,0.0,0.0,4.833,1282.25,1150.03
845,4.821,1707.0,24.43,3069.0,99.72,0.0,0.0,0.0,4.821,1251.4,1152.44
846,4.813,1739.0,25.73,3069.0,99.59,0.0,0.0,0.0,4.813,1275.66,1151.07
847,4.878,1681.0,26.51,3067.0,99.85,0.0,0.0,0.0,4.878,1275.69,1154.9
848,4.873,1694.0,28.5,3067.0,99.86,0.0,0.0,0.0,4.873,1276.1,1148.85
849,4.862,1671.0,21.38,3067.0,99.84,0.0,0.0,0.0,4.862,1276.63,1148.89
850,4.862,1675.0,20.29,3067.0,99.85,0.0,0.0,0.0,4.862,1271.97,1155.77
851,4.825,1707.0,25.37,3069.0,99.85,0.003,711.0,0.53,4.828,1263.61,1147.59
852,4.873,1668.0,21.66,3067.0,99.85,0.0,0.0,0.0,4.873,1274.74,1153.76
853,4.902,1660.0,22.21,3066.0,100.0,0.0,709.0,0.43,4.902,1282.12,1153.05
854,4.871,1699.0,22.71,3067.0,99.86,0.0,0.0,0.0,4.871,1278.87,1153.62
855,4.857,1698.0,23.71,3068.0,99.85,0.0,0.0,0.0,4.857,1266.65,1151.45
856,4.86,1689.0,24.01,3067.0,99.72,0.0,0.0,0.0,4.86,1263.31,1142.42
857,5.015,1739.0,33.59,3065.0,99.87,0.0,712.0,0.31,5.015,1290.62,1155.45
858,4.862,1680.0,20.6,3067.0,99.88,0.0,0.0,0.0,4.862,1277.16,1156.44
859,4.78,1692.0,23.64,3070.0,99.38,0.0,0.0,0.0,4.78,1265.1,1156.87
860,4.808,1697.0,24.99,3069.0,99.57,0.0,0.0,0.0,4.808,1257.21,1147.6
861,4.832,1698.0,25.37,3068.0,99.5,0.0,0.0,0.0,4.832,1260.93,1155.55
862,4.813,1733.0,34.27,3071.0,99.42,0.0,0.0,0.0,4.813,1255.0,1151.84
863,4.808,1704.0,27.3,3070.0,99.52,0.0,0.0,0.0,4.808,1257.49,1151.64
864,4.846,1684.0,22.82,3067.0,99.81,0.0,0.0,0.0,4.846,1261.82,1144.66
865,4.836,1666.0,21.47,3068.0,99.71,0.0,0.0,0.0,4.836,1258.18,1157.89
866,4.899,1678.0,22.4,3066.0,100.0,0.0,0.0,0.0,4.899,1283.09,1152.43
867,4.822,1691.0,24.95,3068.0,99.66,0.001,714.0,0.73,4.823,1257.93,1144.15
868,4.849,1695.0,24.13,3068.0,99.85,0.0,0.0,0.0,4.849,1272.48,1156.64
869,4.882,1694.0,23.04,3067.0,100.0,0.003,712.0,0.63,4.885,1274.93,1157.63
870,4.849,1713.0,23.49,3067.0,99.84,0.0,0.0,0.0,4.849,1280.06,1150.38
871,4.807,1695.0,25.52,3069.0,99.52,0.0,0.0,0.0,4.807,1267.66,1148.29
872,4.832,1707.0,24.94,3069.0,99.58,0.0,0.0,0.0,4.832,1264.32,1155.45
873,4.822,1685.0,22.88,3069.0,99.73,0.0,0.0,0.0,4.822,1261.91,1144.77
874,4.828,1706.0,24.42,3069.0,99.72,0.0,0.0,0.0,4.828,1268.74,1158.49
875,4.751,1700.0,28.64,3072.0,99.34,0.0,0.0,0.0,4.751,1240.83,1148.28
876,4.858,1684.0,25.74,3068.0,99.76,0.002,715.0,0.51,4.86,1277.78,1155.77
877,4.861,1712.0,39.9,3069.0,99.57,0.0,0.0,0.0,4.861,1268.46,1150.78
878,4.893,1648.0,20.81,3066.0,100.0,0.0,0.0,0.0,4.893,1282.55,1152.98
879,4.802,1683.0,22.18,3070.0,99.69,0.0,0.0,0.0,4.802,1267.49,1150.69
880,4.858,1707.0,24.7,3068.0,99.7,0.0,0.0,0.0,4.858,1270.73,1154.47
881,4.777,1708.0,26.56,3070.0,99.34,0.0,0.0,0.0,4.777,1252.5,1146.26
882,4.788,1709.0,28.68,3070.0,99.53,0.001,712.0,0.31,4.789,1248.15,1146.84
883,4.848,1715.0,27.64,3068.0,99.7,0.0,708.0,0.43,4.848,1289.05,1158.93
884,4.813,1715.0,25.85,3070.0,99.5,0.0,708.0,0.22,4.813,1260.06,1152.67
885,4.758,1728.0,28.55,3071.0,99.32,0.0,0.0,0.0,4.758,1246.13,1147.0
886,4.793,1665.0,22.65,3071.0,99.84,0.0,0.0,0.0,4.793,1224.06,1152.5
887,3.446,1403.0,18.11,3125.0,100.0,0.001,712.0,0.63,3.447,103.54,1167.35
888,3.442,1448.0,23.27,3125.0,100.0,0.0,711.0,0.53,3.442,100.78,1168.08
889,3.44,1425.0,20.93,3125.0,100.0,0.005,712.0,1.26,3.445,101.22,1164.92
890,3.436,1368.0,17.63,3125.0,100.0,0.002,711.0,0.53,3.438,99.71,1166.39
891,3.423,1362.0,18.67,3125.0,100.0,0.0,0.0,0.0,3.423,98.91,1167.92
892,3.405,1360.0,20.5,3126.0,100.0,0.0,708.0,0.22,3.405,96.18,1160.1
893,3.4,1331.0,19.84,3126.0,100.0,0.0,0.0,0.0,3.4,93.88,1168.03
894,3.409,1340.0,20.53,3126.0,100.0,0.0,708.0,0.43,3.409,96.06,1163.8
895,3.398,1341.0,18.07,3126.0,100.0,0.0,0.0,0.0,3.398,80.77,1168.07
896,2.693,1267.0,21.57,2595.0,78.56,0.0,0.0,0.0,2.693,60.15,880.7
897,0.158,1126.0,24.57,681.0,6.07,0.0,712.0,0.52,0.158,130.25,1.67
898,0.062,1060.0,47.4,609.0,1.29,0.001,702.0,0.22,0.063,1.59,1.6
899,0.03,1041.0,11.74,613.0,1.69,0.0,0.0,0.0,0.03,1.38,1.8
