Time (s),CPU Power (W),E-Cluster HW active frequency MHz,E-Cluster HW active residency %,P-Cluster HW active frequency MHz,P-Cluster HW active residency %,GPU Power (W),GPU active frequency MHz,GPU active residency %,Power (W),App CPU ms/s
0,1.187,1034.0,19.97,1624.0,41.58,0.0,709.0,0.22,1.187,463.17
1,3.194,1034.0,7.07,3178.0,99.95,0.002,712.0,0.32,3.195,1160.41
2,3.417,1181.0,75.14,3169.0,100.0,0.0,709.0,0.43,3.421,1219.72
3,3.292,1157.0,8.22,3172.0,100.0,0.001,712.0,0.32,3.293,1228.62
4,3.296,1154.0,6.24,3173.0,99.92,0.0,0.0,0.0,3.296,1223.64
5,3.249,1145.0,6.93,3173.0,100.0,0.0,712.0,0.32,3.249,1217.27
6,3.273,1125.0,6.14,3173.0,100.0,0.0,0.0,0.0,3.273,1226.71
7,3.288,1152.0,6.31,3173.0,100.0,0.0,0.0,0.0,3.288,1214.87
8,3.259,1133.0,6.04,3173.0,100.0,0.0,0.0,0.0,3.259,1217.96
9,3.266,1138.0,6.48,3173.0,100.0,0.0,711.0,0.43,3.266,1218.7
10,3.287,1115.0,5.8,3173.0,100.0,0.0,0.0,0.0,3.287,1215.6
11,3.277,1130.0,5.88,3173.0,100.0,0.0,0.0,0.0,3.277,1232.24
12,3.277,1165.0,5.78,3173.0,100.0,0.0,0.0,0.0,3.277,1209.04
13,3.275,1159.0,5.85,3173.0,100.0,0.0,0.0,0.0,3.275,1219.26
14,3.276,1137.0,6.76,3173.0,100.0,0.0,0.0,0.0,3.276,1225.58
15,3.289,1136.0,5.82,3173.0,100.0,0.0,0.0,0.0,3.289,1218.46
16,3.299,1155.0,11.35,3172.0,100.0,0.0,0.0,0.0,3.299,1229.9
17,3.322,1203.0,16.25,3173.0,100.0,0.0,0.0,0.0,3.322,1212.88
18,3.316,1180.0,17.82,3173.0,100.0,0.0,0.0,0.0,3.316,1222.86
19,3.433,1227.0,62.88,3169.0,100.0,0.001,711.0,0.75,3.439,1226.8
20,3.311,1162.0,7.17,3172.0,100.0,0.0,0.0,0.0,3.311,1216.99
21,3.291,1155.0,6.83,3174.0,100.0,0.0,709.0,0.22,3.291,1216.27
22,3.298,1145.0,5.74,3172.0,100.0,0.0,0.0,0.0,3.298,1235.15
23,3.301,1147.0,7.86,3173.0,100.0,0.0,709.0,0.22,3.301,1219.33
24,3.279,1148.0,6.18,3174.0,100.0,0.0,0.0,0.0,3.279,1213.08
25,3.273,1152.0,6.11,3173.0,100.0,0.0,0.0,0.0,3.273,1221.92
26,3.276,1133.0,5.95,3173.0,100.0,0.0,0.0,0.0,3.276,1231.91
27,3.297,1169.0,6.01,3172.0,100.0,0.0,0.0,0.0,3.297,1235.37
28,3.279,1188.0,5.93,3172.0,100.0,0.0,0.0,0.0,3.279,1225.67
29,3.277,1146.0,5.61,3172.0,100.0,0.0,0.0,0.0,3.277,1225.02
30,3.265,1136.0,5.82,3173.0,100.0,0.0,0.0,0.0,3.265,1217.01
31,3.28,1157.0,6.19,3173.0,100.0,0.0,0.0,0.0,3.28,1213.04
32,3.285,1127.0,6.03,3173.0,100.0,0.0,0.0,0.0,3.285,1214.06
33,3.301,1155.0,6.46,3173.0,99.78,0.0,0.0,0.0,3.301,1233.37
34,3.277,1147.0,5.78,3173.0,100.0,0.0,0.0,0.0,3.277,1216.45
35,3.273,1130.0,5.92,3173.0,100.0,0.0,0.0,0.0,3.273,1214.52
36,3.282,1114.0,6.01,3173.0,100.0,0.0,0.0,0.0,3.282,1220.5
37,3.304,1135.0,5.97,3172.0,100.0,0.0,0.0,0.0,3.304,1232.92
38,3.274,1156.0,5.84,3174.0,100.0,0.0,0.0,0.0,3.274,1214.54
39,3.289,1153.0,5.87,3173.0,100.0,0.0,0.0,0.0,3.289,1228.74
40,3.279,1123.0,5.73,3173.0,100.0,0.0,0.0,0.0,3.279,1224.55
41,3.267,1143.0,5.6,3173.0,100.0,0.0,0.0,0.0,3.267,1207.79
42,3.294,1119.0,6.57,3173.0,100.0,0.0,0.0,0.0,3.294,1226.12
43,3.285,1127.0,5.6,3173.0,100.0,0.0,0.0,0.0,3.285,1218.16
44,3.299,1098.0,5.61,3173.0,100.0,0.0,0.0,0.0,3.299,1217.63
45,3.286,1142.0,5.76,3173.0,100.0,0.0,0.0,0.0,3.286,1226.12
46,3.318,1119.0,11.57,3173.0,100.0,0.0,0.0,0.0,3.318,1215.82
47,3.309,1108.0,6.26,3173.0,100.0,0.0,0.0,0.0,3.309,1220.56
48,3.287,1115.0,5.65,3174.0,100.0,0.0,0.0,0.0,3.287,1212.27
49,3.288,1147.0,5.64,3173.0,100.0,0.0,0.0,0.0,3.288,1223.53
50,3.295,1157.0,6.08,3173.0,100.0,0.0,0.0,0.0,3.295,1220.63
51,3.288,1112.0,5.69,3173.0,100.0,0.0,0.0,0.0,3.288,1215.55
52,3.285,1132.0,5.89,3173.0,100.0,0.0,0.0,0.0,3.285,1220.66
53,3.286,1116.0,5.76,3173.0,100.0,0.0,0.0,0.0,3.286,1217.53
54,3.291,1142.0,5.62,3173.0,100.0,0.0,0.0,0.0,3.291,1215.64
55,3.297,1120.0,6.19,3173.0,100.0,0.0,0.0,0.0,3.297,1228.95
56,3.292,1147.0,7.84,3173.0,100.0,0.0,712.0,0.63,3.292,1211.6
57,3.313,1149.0,5.97,3174.0,100.0,0.0,0.0,0.0,3.313,1211.47
58,3.305,1136.0,6.18,3173.0,100.0,0.0,0.0,0.0,3.305,1222.37
59,3.296,1123.0,5.56,3173.0,100.0,0.0,0.0,0.0,3.296,1211.58
60,3.308,1129.0,5.69,3173.0,100.0,0.0,0.0,0.0,3.308,1217.91
61,3.292,1123.0,5.95,3173.0,100.0,0.0,0.0,0.0,3.292,1229.45
62,3.311,1146.0,5.92,3173.0,100.0,0.0,0.0,0.0,3.311,1211.77
63,3.301,1141.0,5.65,3173.0,100.0,0.0,0.0,0.0,3.301,1222.61
64,3.323,1136.0,6.71,3173.0,99.54,0.0,0.0,0.0,3.323,1222.97
65,3.279,1114.0,6.86,3174.0,100.0,0.003,716.0,0.61,3.281,1212.54
66,3.293,1108.0,5.88,3173.0,100.0,0.0,0.0,0.0,3.293,1220.89
67,3.29,1125.0,6.0,3173.0,100.0,0.0,0.0,0.0,3.29,1221.79
68,3.271,1118.0,5.62,3174.0,100.0,0.0,0.0,0.0,3.271,1213.33
69,3.287,1164.0,5.63,3173.0,100.0,0.0,0.0,0.0,3.287,1207.9
70,3.273,1135.0,5.68,3173.0,100.0,0.0,0.0,0.0,3.273,1223.39
71,3.281,1128.0,5.83,3173.0,100.0,0.0,0.0,0.0,3.281,1217.01
72,3.3,1144.0,5.91,3173.0,100.0,0.0,0.0,0.0,3.3,1226.24
73,3.276,1140.0,5.74,3174.0,100.0,0.0,0.0,0.0,3.276,1212.14
74,3.285,1153.0,5.69,3173.0,100.0,0.0,0.0,0.0,3.285,1224.29
75,3.291,1138.0,5.68,3173.0,100.0,0.0,0.0,0.0,3.291,1220.24
76,3.333,1160.0,11.22,3174.0,100.0,0.0,0.0,0.0,3.333,1206.49
77,3.325,1152.0,6.85,3172.0,100.0,0.0,0.0,0.0,3.325,1229.45
78,3.303,1147.0,6.33,3173.0,99.49,0.0,0.0,0.0,3.303,1222.25
79,3.305,1147.0,6.62,3174.0,100.0,0.0,0.0,0.0,3.305,1214.84
80,3.298,1123.0,5.61,3173.0,100.0,0.0,0.0,0.0,3.298,1217.02
81,3.302,1100.0,6.01,3174.0,100.0,0.0,0.0,0.0,3.302,1209.49
82,3.291,1130.0,5.79,3174.0,100.0,0.0,0.0,0.0,3.291,1211.87
83,3.294,1114.0,9.62,3173.0,100.0,0.0,0.0,0.0,3.294,1214.34
84,3.498,1202.0,43.71,3163.0,100.0,0.0,0.0,0.0,3.498,1227.11
85,3.277,1152.0,5.67,3174.0,100.0,0.0,0.0,0.0,3.277,1209.78
86,3.296,1115.0,5.92,3173.0,100.0,0.0,0.0,0.0,3.296,1214.28
87,3.295,1100.0,5.78,3173.0,100.0,0.0,0.0,0.0,3.295,1213.08
88,3.293,1156.0,5.61,3173.0,100.0,0.0,0.0,0.0,3.293,1217.92
89,3.289,1139.0,5.77,3174.0,100.0,0.0,0.0,0.0,3.289,1212.36
90,3.276,1097.0,5.62,3174.0,100.0,0.0,0.0,0.0,3.276,1208.06
91,3.309,1150.0,6.62,3173.0,99.67,0.0,0.0,0.0,3.309,1226.3
92,3.296,1112.0,5.68,3173.0,100.0,0.0,0.0,0.0,3.296,1218.59
93,3.273,1117.0,5.95,3175.0,100.0,0.0,0.0,0.0,3.273,1207.16
94,3.323,1130.0,6.23,3173.0,99.93,0.0,0.0,0.0,3.323,1215.88
95,3.299,1099.0,5.9,3173.0,100.0,0.0,0.0,0.0,3.299,1215.62
96,3.565,1162.0,8.41,3167.0,100.0,0.0,0.0,0.0,3.565,1220.19
97,3.321,1121.0,5.88,3173.0,100.0,0.0,0.0,0.0,3.321,1220.39
98,3.316,1154.0,6.03,3174.0,100.0,0.0,0.0,0.0,3.316,1217.4
99,3.308,1147.0,5.78,3173.0,100.0,0.0,0.0,0.0,3.308,1221.56
100,3.3,1122.0,5.65,3174.0,100.0,0.0,0.0,0.0,3.3,1205.63
101,3.306,1127.0,5.93,3174.0,100.0,0.0,0.0,0.0,3.306,1206.07
102,3.31,1127.0,5.84,3173.0,100.0,0.0,0.0,0.0,3.31,1220.25
103,3.308,1113.0,5.67,3172.0,100.0,0.0,0.0,0.0,3.308,1232.1
104,3.287,1132.0,5.8,3174.0,100.0,0.0,0.0,0.0,3.287,1206.3
105,3.314,1143.0,11.0,3173.0,100.0,0.0,0.0,0.0,3.314,1221.33
106,3.32,1158.0,6.59,3173.0,99.78,0.0,0.0,0.0,3.32,1232.46
107,3.306,1126.0,5.75,3173.0,100.0,0.0,0.0,0.0,3.306,1213.65
108,3.294,1159.0,5.7,3173.0,100.0,0.0,0.0,0.0,3.294,1220.33
109,3.324,1133.0,6.46,3173.0,99.73,0.0,0.0,0.0,3.324,1228.37
110,3.312,1137.0,5.69,3173.0,100.0,0.0,0.0,0.0,3.312,1208.78
111,3.307,1149.0,6.12,3173.0,100.0,0.0,0.0,0.0,3.307,1219.25
112,3.3,1105.0,5.76,3173.0,100.0,0.0,0.0,0.0,3.3,1220.26
113,3.308,1142.0,7.11,3173.0,100.0,0.0,0.0,0.0,3.308,1220.54
114,3.32,1135.0,5.9,3173.0,100.0,0.0,0.0,0.0,3.32,1221.4
115,3.312,1121.0,5.9,3174.0,100.0,0.0,0.0,0.0,3.312,1212.39
116,3.308,1139.0,5.82,3173.0,100.0,0.0,0.0,0.0,3.308,1211.2
117,3.305,1153.0,5.68,3173.0,100.0,0.0,0.0,0.0,3.305,1219.89
118,3.304,1126.0,5.83,3173.0,100.0,0.0,0.0,0.0,3.304,1228.02
119,3.292,1114.0,5.57,3173.0,100.0,0.0,0.0,0.0,3.292,1208.54
120,3.281,1154.0,5.69,3174.0,100.0,0.0,0.0,0.0,3.281,1218.13
121,3.308,1127.0,5.94,3172.0,100.0,0.0,0.0,0.0,3.308,1223.06
122,3.3,1136.0,5.67,3173.0,100.0,0.0,0.0,0.0,3.3,1220.27
123,3.278,1127.0,5.64,3174.0,100.0,0.0,0.0,0.0,3.278,1210.91
124,3.296,1159.0,6.62,3173.0,99.75,0.0,712.0,0.31,3.296,1210.04
125,3.326,1131.0,5.67,3173.0,100.0,0.0,0.0,0.0,3.326,1227.6
126,3.29,1109.0,6.22,3174.0,100.0,0.0,0.0,0.0,3.29,1212.2
127,3.285,1113.0,5.59,3173.0,100.0,0.0,0.0,0.0,3.285,1222.69
128,3.286,1156.0,5.61,3173.0,100.0,0.0,0.0,0.0,3.286,1213.3
129,3.286,1108.0,5.62,3173.0,100.0,0.0,0.0,0.0,3.286,1213.41
130,3.274,1101.0,5.77,3173.0,100.0,0.0,0.0,0.0,3.274,1218.91
131,3.318,1134.0,6.3,3173.0,99.63,0.0,0.0,0.0,3.318,1218.2
132,3.3,1118.0,6.39,3173.0,100.0,0.0,0.0,0.0,3.3,1224.03
133,3.276,1128.0,5.88,3173.0,100.0,0.0,0.0,0.0,3.276,1220.21
134,3.306,1118.0,6.23,3174.0,99.91,0.0,0.0,0.0,3.306,1221.08
135,3.326,1159.0,10.86,3173.0,100.0,0.0,0.0,0.0,3.326,1211.96
136,3.316,1114.0,7.06,3173.0,100.0,0.0,0.0,0.0,3.316,1214.62
137,3.301,1135.0,6.57,3173.0,99.55,0.0,0.0,0.0,3.301,1225.53
138,3.308,1147.0,6.54,3174.0,99.51,0.0,0.0,0.0,3.308,1211.33
139,3.308,1136.0,6.03,3173.0,100.0,0.0,0.0,0.0,3.308,1210.99
140,3.303,1130.0,6.22,3173.0,99.79,0.0,0.0,0.0,3.303,1222.99
141,3.318,1140.0,5.92,3173.0,100.0,0.0,0.0,0.0,3.318,1218.07
142,3.299,1135.0,5.8,3173.0,100.0,0.0,0.0,0.0,3.299,1218.73
143,3.28,1143.0,6.34,3174.0,100.0,0.0,0.0,0.0,3.28,1212.94
144,3.3,1151.0,5.69,3173.0,100.0,0.0,0.0,0.0,3.3,1221.86
145,3.29,1128.0,5.89,3173.0,100.0,0.0,0.0,0.0,3.29,1221.68
146,3.303,1108.0,6.71,3173.0,100.0,0.0,0.0,0.0,3.303,1217.17
147,3.3,1154.0,7.23,3173.0,100.0,0.0,712.0,0.32,3.3,1212.28
148,3.301,1090.0,6.25,3173.0,100.0,0.0,0.0,0.0,3.301,1225.63
149,3.302,1131.0,6.09,3173.0,100.0,0.0,0.0,0.0,3.302,1209.43
150,3.3,1137.0,6.04,3174.0,100.0,0.0,0.0,0.0,3.3,1220.54
151,3.279,1089.0,5.77,3174.0,100.0,0.0,0.0,0.0,3.279,1209.33
152,3.305,1130.0,5.67,3173.0,100.0,0.0,0.0,0.0,3.305,1222.64
153,3.271,1146.0,5.84,3174.0,100.0,0.0,0.0,0.0,3.271,1211.31
154,3.319,1145.0,6.22,3174.0,99.92,0.0,0.0,0.0,3.319,1218.71
155,3.3,1132.0,6.12,3173.0,100.0,0.0,0.0,0.0,3.3,1212.6
156,3.285,1106.0,5.74,3172.0,100.0,0.0,0.0,0.0,3.285,1224.85
157,3.293,1149.0,5.62,3173.0,100.0,0.0,0.0,0.0,3.293,1216.89
158,3.285,1117.0,5.78,3173.0,100.0,0.0,0.0,0.0,3.285,1224.45
159,3.288,1127.0,5.57,3173.0,100.0,0.0,0.0,0.0,3.288,1214.21
160,3.318,1143.0,6.52,3173.0,99.52,0.0,0.0,0.0,3.318,1221.43
161,3.31,1118.0,5.81,3173.0,100.0,0.0,0.0,0.0,3.31,1215.6
162,3.309,1139.0,5.62,3173.0,100.0,0.0,0.0,0.0,3.309,1229.92
163,3.278,1080.0,5.73,3173.0,100.0,0.0,0.0,0.0,3.278,1215.91
164,3.299,1148.0,5.51,3173.0,100.0,0.0,0.0,0.0,3.299,1219.84
165,3.339,1125.0,11.36,3173.0,100.0,0.0,0.0,0.0,3.339,1211.87
166,3.321,1129.0,5.79,3174.0,100.0,0.0,0.0,0.0,3.321,1220.07
167,3.297,1113.0,6.13,3174.0,99.5,0.0,0.0,0.0,3.297,1208.28
168,3.482,1181.0,92.14,3174.0,99.67,0.0,0.0,0.0,3.482,1221.91
169,3.549,1203.0,100.0,3173.0,100.0,0.0,0.0,0.0,3.549,1213.52
170,3.527,1172.0,100.0,3173.0,100.0,0.0,0.0,0.0,3.527,1227.33
171,3.538,1204.0,100.0,3174.0,100.0,0.0,0.0,0.0,3.538,1204.2
172,3.52,1178.0,100.0,3174.0,100.0,0.0,0.0,0.0,3.52,1218.18
173,3.534,1193.0,100.0,3174.0,100.0,0.0,0.0,0.0,3.534,1206.65
174,3.532,1177.0,100.0,3173.0,100.0,0.0,0.0,0.0,3.532,1213.53
175,3.531,1166.0,100.0,3174.0,100.0,0.0,0.0,0.0,3.531,1220.7
176,3.532,1185.0,100.0,3174.0,100.0,0.0,0.0,0.0,3.532,1204.89
177,3.464,1183.0,77.94,3175.0,99.7,0.0,0.0,0.0,3.464,1213.43
178,3.329,1156.0,5.76,3174.0,100.0,0.0,0.0,0.0,3.329,1217.33
179,3.312,1110.0,5.74,3173.0,100.0,0.0,0.0,0.0,3.312,1215.21
180,3.327,1153.0,6.2,3173.0,100.0,0.0,0.0,0.0,3.327,1224.46
181,3.306,1120.0,5.88,3173.0,100.0,0.0,0.0,0.0,3.306,1223.14
182,3.313,1150.0,6.33,3173.0,100.0,0.0,0.0,0.0,3.313,1219.44
183,3.291,1111.0,6.74,3173.0,100.0,0.001,716.0,0.61,3.292,1222.17
184,3.303,1130.0,5.85,3174.0,100.0,0.0,0.0,0.0,3.303,1206.34
185,3.287,1116.0,6.2,3173.0,100.0,0.0,0.0,0.0,3.287,1216.71
186,3.293,1180.0,5.85,3174.0,100.0,0.0,0.0,0.0,3.293,1217.45
187,3.27,1113.0,5.53,3174.0,100.0,0.0,0.0,0.0,3.27,1215.8
188,3.286,1121.0,5.67,3174.0,100.0,0.0,0.0,0.0,3.286,1210.0
189,3.27,1136.0,5.74,3174.0,100.0,0.0,0.0,0.0,3.27,1214.93
190,3.307,1131.0,5.93,3173.0,100.0,0.0,0.0,0.0,3.307,1223.8
191,3.28,1105.0,5.96,3173.0,100.0,0.0,0.0,0.0,3.28,1216.18
192,3.292,1156.0,5.61,3174.0,100.0,0.0,0.0,0.0,3.292,1213.79
193,3.277,1120.0,5.76,3174.0,100.0,0.0,0.0,0.0,3.277,1209.0
194,3.315,1136.0,10.71,3173.0,100.0,0.0,0.0,0.0,3.315,1223.73
195,3.311,1137.0,6.63,3173.0,100.0,0.0,0.0,0.0,3.311,1215.28
196,3.605,1161.0,9.89,3167.0,100.0,0.0,0.0,0.0,3.605,1219.47
197,3.323,1118.0,5.83,3173.0,100.0,0.0,0.0,0.0,3.323,1210.7
198,3.318,1111.0,6.14,3173.0,100.0,0.0,0.0,0.0,3.318,1223.34
199,3.305,1175.0,5.85,3175.0,100.0,0.0,0.0,0.0,3.305,1197.57
200,3.309,1112.0,5.7,3172.0,100.0,0.0,0.0,0.0,3.309,1224.58
201,3.312,1132.0,5.82,3173.0,100.0,0.0,0.0,0.0,3.312,1217.77
202,3.287,1103.0,5.61,3173.0,100.0,0.0,0.0,0.0,3.287,1217.0
203,3.306,1137.0,5.68,3173.0,100.0,0.0,0.0,0.0,3.306,1222.55
204,3.284,1124.0,5.59,3173.0,100.0,0.0,0.0,0.0,3.284,1219.9
205,3.322,1156.0,5.96,3173.0,100.0,0.0,0.0,0.0,3.322,1207.54
206,3.3,1141.0,5.72,3173.0,100.0,0.0,0.0,0.0,3.3,1220.27
207,3.302,1117.0,5.54,3174.0,100.0,0.0,0.0,0.0,3.302,1209.9
208,3.29,1142.0,6.26,3173.0,100.0,0.0,0.0,0.0,3.29,1212.42
209,3.305,1110.0,5.63,3172.0,100.0,0.0,0.0,0.0,3.305,1224.87
210,3.32,1179.0,5.96,3173.0,100.0,0.0,0.0,0.0,3.32,1215.85
211,3.306,1109.0,5.8,3173.0,100.0,0.0,0.0,0.0,3.306,1228.57
212,3.316,1142.0,5.66,3173.0,100.0,0.0,0.0,0.0,3.316,1214.25
213,3.295,1138.0,5.89,3173.0,100.0,0.0,0.0,0.0,3.295,1224.86
214,3.306,1126.0,5.6,3174.0,100.0,0.0,0.0,0.0,3.306,1214.9
215,3.295,1132.0,6.14,3174.0,100.0,0.0,0.0,0.0,3.295,1212.76
216,3.294,1101.0,6.16,3173.0,100.0,0.0,0.0,0.0,3.294,1211.32
217,3.297,1174.0,5.65,3173.0,100.0,0.0,0.0,0.0,3.297,1221.44
218,3.281,1100.0,5.73,3174.0,100.0,0.0,0.0,0.0,3.281,1215.26
219,3.316,1144.0,5.52,3173.0,100.0,0.0,0.0,0.0,3.316,1213.23
220,3.287,1147.0,5.94,3173.0,100.0,0.0,0.0,0.0,3.287,1225.0
221,3.311,1126.0,5.67,3173.0,100.0,0.0,0.0,0.0,3.311,1222.1
222,3.29,1127.0,5.59,3173.0,100.0,0.0,0.0,0.0,3.29,1218.06
223,3.283,1122.0,5.68,3173.0,100.0,0.0,0.0,0.0,3.283,1215.41
224,3.328,1143.0,10.86,3174.0,100.0,0.0,0.0,0.0,3.328,1205.83
225,3.307,1096.0,5.76,3173.0,100.0,0.0,0.0,0.0,3.307,1221.11
226,3.321,1157.0,6.92,3174.0,100.0,0.0,0.0,0.0,3.321,1216.55
227,3.313,1102.0,7.0,3174.0,99.91,0.0,0.0,0.0,3.313,1217.3
228,3.298,1098.0,5.95,3173.0,100.0,0.0,0.0,0.0,3.298,1211.43
229,3.31,1144.0,5.85,3173.0,100.0,0.0,0.0,0.0,3.31,1218.76
230,3.285,1061.0,5.97,3173.0,100.0,0.0,0.0,0.0,3.285,1213.17
231,3.327,1129.0,6.41,3174.0,99.54,0.0,0.0,0.0,3.327,1205.31
232,3.281,1108.0,5.53,3174.0,100.0,0.0,0.0,0.0,3.281,1218.02
233,3.312,1103.0,6.14,3172.0,100.0,0.0,0.0,0.0,3.312,1226.04
234,3.295,1141.0,5.76,3174.0,100.0,0.0,0.0,0.0,3.295,1212.7
235,3.295,1093.0,5.84,3173.0,100.0,0.0,0.0,0.0,3.295,1214.53
236,3.3,1117.0,5.66,3174.0,100.0,0.0,0.0,0.0,3.3,1213.48
237,3.282,1110.0,5.56,3173.0,100.0,0.0,0.0,0.0,3.282,1220.6
238,3.268,1113.0,5.69,3174.0,100.0,0.0,0.0,0.0,3.268,1205.61
239,3.311,1137.0,5.72,3174.0,100.0,0.0,0.0,0.0,3.311,1213.51
240,3.288,1091.0,6.28,3173.0,100.0,0.0,0.0,0.0,3.288,1225.32
241,3.293,1127.0,5.72,3174.0,100.0,0.0,0.0,0.0,3.293,1206.44
242,3.291,1138.0,5.65,3173.0,100.0,0.0,0.0,0.0,3.291,1224.31
243,3.296,1102.0,6.75,3173.0,100.0,0.0,715.0,0.51,3.296,1212.43
244,3.331,1168.0,5.81,3173.0,100.0,0.0,0.0,0.0,3.331,1215.6
245,3.291,1157.0,6.03,3173.0,100.0,0.0,0.0,0.0,3.291,1223.2
246,3.286,1131.0,5.6,3173.0,100.0,0.0,0.0,0.0,3.286,1211.97
247,3.298,1187.0,5.59,3173.0,100.0,0.0,0.0,0.0,3.298,1218.34
248,3.279,1100.0,5.63,3173.0,100.0,0.0,0.0,0.0,3.279,1221.89
249,3.294,1143.0,6.33,3174.0,100.0,0.0,0.0,0.0,3.294,1205.44
250,3.308,1163.0,5.72,3173.0,100.0,0.0,0.0,0.0,3.308,1224.47
251,3.27,1100.0,5.72,3174.0,100.0,0.0,0.0,0.0,3.27,1217.59
252,3.324,1167.0,6.28,3173.0,99.68,0.0,0.0,0.0,3.324,1226.93
253,3.274,1114.0,5.82,3174.0,100.0,0.0,0.0,0.0,3.274,1207.02
254,3.332,1151.0,11.6,3174.0,99.73,0.0,0.0,0.0,3.332,1226.38
255,3.327,1158.0,7.1,3173.0,100.0,0.0,0.0,0.0,3.327,1216.61
256,3.304,1108.0,7.26,3174.0,99.84,0.0,0.0,0.0,3.304,1218.42
257,3.301,1118.0,6.24,3173.0,100.0,0.0,0.0,0.0,3.301,1219.89
258,3.291,1130.0,6.05,3175.0,100.0,0.0,0.0,0.0,3.291,1191.6
259,3.301,1121.0,5.87,3173.0,100.0,0.0,0.0,0.0,3.301,1219.22
260,3.294,1144.0,5.99,3174.0,100.0,0.0,0.0,0.0,3.294,1223.7
261,3.285,1138.0,5.77,3174.0,100.0,0.0,0.0,0.0,3.285,1206.51
262,3.275,1128.0,5.64,3173.0,100.0,0.0,0.0,0.0,3.275,1218.17
263,3.302,1133.0,5.72,3173.0,100.0,0.0,0.0,0.0,3.302,1221.16
264,3.294,1144.0,5.84,3173.0,100.0,0.0,0.0,0.0,3.294,1221.95
265,3.283,1109.0,5.79,3173.0,100.0,0.0,0.0,0.0,3.283,1218.33
266,3.314,1175.0,5.98,3173.0,100.0,0.0,0.0,0.0,3.314,1211.14
267,3.281,1113.0,6.31,3174.0,99.68,0.0,0.0,0.0,3.281,1222.39
268,3.277,1102.0,5.86,3174.0,100.0,0.0,0.0,0.0,3.277,1221.4
269,3.352,1166.0,6.36,3174.0,99.92,0.0,0.0,0.0,3.352,1209.79
270,3.288,1120.0,5.97,3174.0,100.0,0.0,0.0,0.0,3.288,1226.07
271,3.306,1152.0,5.98,3174.0,99.92,0.0,0.0,0.0,3.306,1218.14
272,3.313,1148.0,6.31,3173.0,100.0,0.0,0.0,0.0,3.313,1214.48
273,3.292,1123.0,5.82,3173.0,100.0,0.0,0.0,0.0,3.292,1220.13
274,3.285,1106.0,5.91,3174.0,100.0,0.0,0.0,0.0,3.285,1214.58
275,3.318,1127.0,5.87,3173.0,100.0,0.0,0.0,0.0,3.318,1210.99
276,3.286,1119.0,5.88,3173.0,100.0,0.0,0.0,0.0,3.286,1218.32
277,3.29,1129.0,5.69,3173.0,100.0,0.0,0.0,0.0,3.29,1219.83
278,3.314,1162.0,5.59,3174.0,100.0,0.0,0.0,0.0,3.314,1215.21
279,3.287,1121.0,5.71,3173.0,100.0,0.0,0.0,0.0,3.287,1217.77
280,3.294,1114.0,5.78,3173.0,100.0,0.0,0.0,0.0,3.294,1222.68
281,3.298,1145.0,5.64,3174.0,100.0,0.0,0.0,0.0,3.298,1208.24
282,3.276,1099.0,5.6,3173.0,100.0,0.0,0.0,0.0,3.276,1222.61
283,3.296,1123.0,11.25,3173.0,100.0,0.0,0.0,0.0,3.296,1222.29
284,3.331,1176.0,5.82,3174.0,100.0,0.0,0.0,0.0,3.331,1214.25
285,3.302,1133.0,5.88,3173.0,100.0,0.0,0.0,0.0,3.302,1220.72
286,3.285,1125.0,5.58,3174.0,100.0,0.0,0.0,0.0,3.285,1211.87
287,3.32,1150.0,5.85,3174.0,100.0,0.0,0.0,0.0,3.32,1215.04
288,3.299,1123.0,5.72,3174.0,100.0,0.0,0.0,0.0,3.299,1203.38
289,3.29,1136.0,5.83,3173.0,100.0,0.0,0.0,0.0,3.29,1227.49
290,3.307,1124.0,5.87,3174.0,100.0,0.0,0.0,0.0,3.307,1213.23
291,3.292,1118.0,5.55,3174.0,100.0,0.0,0.0,0.0,3.292,1210.44
292,3.288,1109.0,5.72,3174.0,100.0,0.0,0.0,0.0,3.288,1221.97
293,3.301,1130.0,5.72,3173.0,100.0,0.0,0.0,0.0,3.301,1214.77
294,3.311,1143.0,5.76,3173.0,100.0,0.0,0.0,0.0,3.311,1219.02
295,3.308,1118.0,8.22,3173.0,100.0,0.0,709.0,0.22,3.308,1220.38
296,3.312,1134.0,8.58,3173.0,100.0,0.0,709.0,0.22,3.312,1218.68
297,3.307,1166.0,5.65,3174.0,100.0,0.0,0.0,0.0,3.307,1210.19
298,3.282,1155.0,6.19,3173.0,100.0,0.0,0.0,0.0,3.282,1208.98
299,3.294,1113.0,5.9,3173.0,100.0,0.0,0.0,0.0,3.294,1217.76
300,3.301,1131.0,6.12,3174.0,100.0,0.0,0.0,0.0,3.301,1211.81
301,3.293,1107.0,6.34,3173.0,99.69,0.0,0.0,0.0,3.293,1226.5
302,3.288,1099.0,6.95,3173.0,100.0,0.0,715.0,0.51,3.288,1222.07
303,3.29,1126.0,5.67,3174.0,100.0,0.0,0.0,0.0,3.29,1210.58
304,3.293,1135.0,6.8,3173.0,100.0,0.0,0.0,0.0,3.293,1211.34
305,3.279,1126.0,5.86,3173.0,100.0,0.0,0.0,0.0,3.279,1222.16
306,3.298,1129.0,5.63,3173.0,100.0,0.0,0.0,0.0,3.298,1224.76
307,3.297,1164.0,5.6,3174.0,100.0,0.0,0.0,0.0,3.297,1201.3
308,3.263,1130.0,6.16,3174.0,100.0,0.0,0.0,0.0,3.263,1225.68
309,3.311,1100.0,6.53,3173.0,99.93,0.0,0.0,0.0,3.311,1222.28
310,3.303,1157.0,5.67,3174.0,100.0,0.0,0.0,0.0,3.303,1207.0
311,3.273,1113.0,5.61,3173.0,100.0,0.0,0.0,0.0,3.273,1217.32
312,3.272,1096.0,5.76,3173.0,100.0,0.0,0.0,0.0,3.272,1222.92
313,3.33,1141.0,11.03,3173.0,100.0,0.0,0.0,0.0,3.33,1207.01
314,3.638,1180.0,7.68,3165.0,100.0,0.0,0.0,0.0,3.638,1220.4
315,3.292,1107.0,6.21,3174.0,99.93,0.0,0.0,0.0,3.292,1216.59
316,3.309,1110.0,6.44,3174.0,99.85,0.0,0.0,0.0,3.309,1216.43
317,3.313,1150.0,6.38,3174.0,100.0,0.0,0.0,0.0,3.313,1211.35
318,3.293,1126.0,5.62,3173.0,100.0,0.0,0.0,0.0,3.293,1213.01
319,3.276,1109.0,5.78,3173.0,100.0,0.0,0.0,0.0,3.276,1217.83
320,3.311,1143.0,5.75,3173.0,100.0,0.0,0.0,0.0,3.311,1223.98
321,3.284,1138.0,5.78,3173.0,100.0,0.0,0.0,0.0,3.284,1214.41
322,3.27,1100.0,5.59,3173.0,100.0,0.0,0.0,0.0,3.27,1215.96
323,3.282,1108.0,5.95,3173.0,100.0,0.0,0.0,0.0,3.282,1222.23
324,3.299,1104.0,5.85,3174.0,100.0,0.0,0.0,0.0,3.299,1210.28
325,3.273,1085.0,5.8,3173.0,100.0,0.0,0.0,0.0,3.273,1223.0
326,3.273,1118.0,6.0,3173.0,100.0,0.0,0.0,0.0,3.273,1217.91
327,3.299,1154.0,5.53,3172.0,100.0,0.0,0.0,0.0,3.299,1220.31
328,3.3,1132.0,5.99,3173.0,100.0,0.0,0.0,0.0,3.3,1220.47
329,3.31,1123.0,5.66,3173.0,100.0,0.0,0.0,0.0,3.31,1233.65
330,3.294,1127.0,5.57,3173.0,100.0,0.0,0.0,0.0,3.294,1219.19
331,3.318,1139.0,5.69,3174.0,100.0,0.0,0.0,0.0,3.318,1209.88
332,3.27,1109.0,5.59,3174.0,100.0,0.0,0.0,0.0,3.27,1213.24
333,3.276,1130.0,5.83,3174.0,100.0,0.0,0.0,0.0,3.276,1215.43
334,3.291,1119.0,6.12,3174.0,100.0,0.0,0.0,0.0,3.291,1207.39
335,3.299,1163.0,5.94,3173.0,100.0,0.0,0.0,0.0,3.299,1219.03
336,3.271,1105.0,5.83,3174.0,100.0,0.0,0.0,0.0,3.271,1214.49
337,3.293,1129.0,6.29,3173.0,100.0,0.0,0.0,0.0,3.293,1230.91
338,3.306,1165.0,6.53,3174.0,99.54,0.0,0.0,0.0,3.306,1202.08
339,3.289,1122.0,5.78,3175.0,100.0,0.0,0.0,0.0,3.289,1203.17
340,3.296,1093.0,5.84,3173.0,100.0,0.0,0.0,0.0,3.296,1225.22
341,3.3,1105.0,5.8,3173.0,100.0,0.0,0.0,0.0,3.3,1213.72
342,3.315,1179.0,5.57,3174.0,100.0,0.0,0.0,0.0,3.315,1207.3
343,3.332,1107.0,11.07,3173.0,100.0,0.0,0.0,0.0,3.332,1232.8
344,3.306,1114.0,5.77,3173.0,100.0,0.0,0.0,0.0,3.306,1218.56
345,3.304,1144.0,5.65,3173.0,100.0,0.0,0.0,0.0,3.304,1224.37
346,3.316,1170.0,5.82,3173.0,100.0,0.0,0.0,0.0,3.316,1219.5
347,3.291,1114.0,5.47,3173.0,100.0,0.0,0.0,0.0,3.291,1214.32
348,3.294,1078.0,5.72,3173.0,100.0,0.0,0.0,0.0,3.294,1224.85
349,3.31,1154.0,5.78,3173.0,100.0,0.0,0.0,0.0,3.31,1221.65
350,3.305,1129.0,5.58,3173.0,100.0,0.0,0.0,0.0,3.305,1216.99
351,3.284,1110.0,6.07,3173.0,100.0,0.0,0.0,0.0,3.284,1217.52
352,3.296,1137.0,5.59,3172.0,100.0,0.0,0.0,0.0,3.296,1230.21
353,3.327,1155.0,5.86,3173.0,100.0,0.0,0.0,0.0,3.327,1223.17
354,3.3,1137.0,5.81,3173.0,100.0,0.0,0.0,0.0,3.3,1217.4
355,3.291,1117.0,5.67,3173.0,100.0,0.0,0.0,0.0,3.291,1227.59
356,3.288,1104.0,5.77,3173.0,100.0,0.0,0.0,0.0,3.288,1219.5
357,3.303,1124.0,5.6,3174.0,100.0,0.0,0.0,0.0,3.303,1212.54
358,3.29,1117.0,5.95,3173.0,100.0,0.0,0.0,0.0,3.29,1206.26
359,3.287,1111.0,5.81,3173.0,100.0,0.0,0.0,0.0,3.287,1229.3
360,3.291,1091.0,5.61,3173.0,100.0,0.0,0.0,0.0,3.291,1222.84
361,3.313,1166.0,6.47,3174.0,100.0,0.0,715.0,0.51,3.313,1214.3
362,3.262,1108.0,5.7,3174.0,100.0,0.0,0.0,0.0,3.262,1208.68
363,3.289,1110.0,6.19,3173.0,100.0,0.0,0.0,0.0,3.289,1224.48
364,3.299,1105.0,6.41,3173.0,100.0,0.0,0.0,0.0,3.299,1223.13
365,3.339,1142.0,5.62,3173.0,100.0,0.0,0.0,0.0,3.339,1224.36
366,3.282,1087.0,5.69,3174.0,100.0,0.0,0.0,0.0,3.282,1213.0
367,3.278,1127.0,6.07,3173.0,100.0,0.0,0.0,0.0,3.278,1218.63
368,3.314,1082.0,6.43,3173.0,99.87,0.0,0.0,0.0,3.314,1219.7
369,3.318,1147.0,6.54,3174.0,100.0,0.0,0.0,0.0,3.318,1212.55
370,3.264,1123.0,5.63,3174.0,100.0,0.0,0.0,0.0,3.264,1209.32
371,3.265,1072.0,5.79,3173.0,100.0,0.0,0.0,0.0,3.265,1214.88
372,3.283,1120.0,10.73,3174.0,100.0,0.0,0.0,0.0,3.283,1218.48
373,3.328,1160.0,7.24,3174.0,100.0,0.0,0.0,0.0,3.328,1207.53
374,3.299,1114.0,6.02,3174.0,100.0,0.0,0.0,0.0,3.299,1211.77
375,3.296,1111.0,5.98,3173.0,100.0,0.0,0.0,0.0,3.296,1216.57
376,3.295,1121.0,6.05,3174.0,100.0,0.0,0.0,0.0,3.295,1218.02
377,3.318,1182.0,5.39,3173.0,100.0,0.0,0.0,0.0,3.318,1219.99
378,3.283,1114.0,5.58,3174.0,100.0,0.0,0.0,0.0,3.283,1209.1
379,3.279,1123.0,5.86,3173.0,100.0,0.0,0.0,0.0,3.279,1219.86
380,3.275,1095.0,5.65,3173.0,100.0,0.0,0.0,0.0,3.275,1225.18
381,3.304,1172.0,5.67,3173.0,100.0,0.0,0.0,0.0,3.304,1219.53
382,3.289,1155.0,5.46,3173.0,100.0,0.0,0.0,0.0,3.289,1219.63
383,3.271,1134.0,5.93,3173.0,100.0,0.0,0.0,0.0,3.271,1216.67
384,3.281,1107.0,6.21,3173.0,100.0,0.0,0.0,0.0,3.281,1218.98
385,3.311,1144.0,5.58,3173.0,100.0,0.0,0.0,0.0,3.311,1220.86
386,3.301,1167.0,5.6,3173.0,100.0,0.0,0.0,0.0,3.301,1210.48
387,3.272,1093.0,5.69,3174.0,100.0,0.0,0.0,0.0,3.272,1213.64
388,3.283,1118.0,6.14,3173.0,100.0,0.0,0.0,0.0,3.283,1221.0
389,3.294,1139.0,5.66,3174.0,100.0,0.0,0.0,0.0,3.294,1223.16
390,3.288,1128.0,5.9,3174.0,100.0,0.0,0.0,0.0,3.288,1207.73
391,3.3,1114.0,6.23,3174.0,99.92,0.0,0.0,0.0,3.3,1211.28
392,3.287,1094.0,5.57,3173.0,100.0,0.0,0.0,0.0,3.287,1222.95
393,3.308,1101.0,6.3,3174.0,100.0,0.0,0.0,0.0,3.308,1213.68
394,3.316,1140.0,5.67,3173.0,100.0,0.0,0.0,0.0,3.316,1209.56
395,3.271,1104.0,5.87,3174.0,100.0,0.0,0.0,0.0,3.271,1218.05
396,3.262,1096.0,5.76,3174.0,100.0,0.0,0.0,0.0,3.262,1206.03
397,3.282,1104.0,5.69,3173.0,100.0,0.0,0.0,0.0,3.282,1219.18
398,3.314,1137.0,6.04,3174.0,100.0,0.0,0.0,0.0,3.314,1212.58
399,3.287,1127.0,5.77,3174.0,100.0,0.0,0.0,0.0,3.287,1211.73
400,3.277,1096.0,5.6,3173.0,100.0,0.0,0.0,0.0,3.277,1222.45
401,3.289,1099.0,7.47,3174.0,99.54,0.0,0.0,0.0,3.289,1211.27
402,3.34,1125.0,11.56,3173.0,99.64,0.0,0.0,0.0,3.34,1229.06
403,3.325,1162.0,6.01,3174.0,100.0,0.0,0.0,0.0,3.325,1212.89
404,3.293,1143.0,6.15,3175.0,99.91,0.0,0.0,0.0,3.293,1211.97
405,3.283,1096.0,5.76,3174.0,100.0,0.0,0.0,0.0,3.283,1211.69
406,3.302,1106.0,6.02,3173.0,100.0,0.0,0.0,0.0,3.302,1225.57
407,3.31,1162.0,5.93,3173.0,100.0,0.0,0.0,0.0,3.31,1211.78
408,3.274,1124.0,5.89,3174.0,100.0,0.0,0.0,0.0,3.274,1203.84
409,3.273,1089.0,5.87,3173.0,100.0,0.0,0.0,0.0,3.273,1222.96
410,3.268,1119.0,5.45,3173.0,100.0,0.0,0.0,0.0,3.268,1215.72
411,3.278,1126.0,5.74,3173.0,100.0,0.0,0.0,0.0,3.278,1215.71
412,3.289,1121.0,5.83,3174.0,100.0,0.0,0.0,0.0,3.289,1209.31
413,3.279,1105.0,5.76,3174.0,100.0,0.0,0.0,0.0,3.279,1220.32
414,3.268,1117.0,5.66,3174.0,100.0,0.0,0.0,0.0,3.268,1218.04
415,3.269,1108.0,5.67,3174.0,100.0,0.0,0.0,0.0,3.269,1207.68
416,3.301,1128.0,5.65,3174.0,100.0,0.0,0.0,0.0,3.301,1218.46
417,3.275,1144.0,5.88,3174.0,100.0,0.0,0.0,0.0,3.275,1208.73
418,3.276,1133.0,6.3,3174.0,100.0,0.0,0.0,0.0,3.276,1217.22
419,3.28,1093.0,5.76,3174.0,100.0,0.0,0.0,0.0,3.28,1207.26
420,3.299,1126.0,5.59,3173.0,100.0,0.0,0.0,0.0,3.299,1236.14
421,3.337,1159.0,6.41,3173.0,100.0,0.0,708.0,0.22,3.337,1200.84
422,3.298,1137.0,5.84,3174.0,100.0,0.0,0.0,0.0,3.298,1225.51
423,3.286,1103.0,6.07,3174.0,100.0,0.0,0.0,0.0,3.286,1206.98
424,3.308,1097.0,6.27,3173.0,99.75,0.0,0.0,0.0,3.308,1230.59
425,3.307,1158.0,5.84,3174.0,100.0,0.0,0.0,0.0,3.307,1207.69
426,3.298,1154.0,5.7,3174.0,100.0,0.0,0.0,0.0,3.298,1213.42
427,3.276,1118.0,5.86,3174.0,100.0,0.0,0.0,0.0,3.276,1213.37
428,3.293,1111.0,5.8,3173.0,100.0,0.0,0.0,0.0,3.293,1221.74
429,3.277,1137.0,5.79,3174.0,100.0,0.0,0.0,0.0,3.277,1219.93
430,3.299,1154.0,5.51,3174.0,100.0,0.0,0.0,0.0,3.299,1208.04
431,3.265,1141.0,5.85,3174.0,100.0,0.0,0.0,0.0,3.265,1214.29
432,3.315,1116.0,10.68,3173.0,100.0,0.0,0.0,0.0,3.315,1219.77
433,3.616,1170.0,9.35,3164.0,99.54,0.0,0.0,0.0,3.616,1211.12
434,3.313,1113.0,6.24,3174.0,100.0,0.0,0.0,0.0,3.313,1209.04
435,3.334,1208.0,6.42,3173.0,100.0,0.0,0.0,0.0,3.334,1218.63
436,3.293,1123.0,5.7,3173.0,100.0,0.0,0.0,0.0,3.293,1219.3
437,3.284,1057.0,5.78,3173.0,100.0,0.0,0.0,0.0,3.284,1214.78
438,3.283,1086.0,5.86,3173.0,100.0,0.0,0.0,0.0,3.283,1225.31
439,3.296,1124.0,5.78,3173.0,100.0,0.0,0.0,0.0,3.296,1216.18
440,3.289,1153.0,5.63,3174.0,100.0,0.0,0.0,0.0,3.289,1206.44
441,3.273,1132.0,5.63,3173.0,100.0,0.0,0.0,0.0,3.273,1224.51
442,3.268,1118.0,5.85,3173.0,100.0,0.0,0.0,0.0,3.268,1218.3
443,3.276,1092.0,5.91,3174.0,100.0,0.0,0.0,0.0,3.276,1213.03
444,3.305,1140.0,5.68,3173.0,100.0,0.0,0.0,0.0,3.305,1224.18
445,3.275,1163.0,5.56,3174.0,100.0,0.0,0.0,0.0,3.275,1199.55
446,3.269,1115.0,5.62,3173.0,100.0,0.0,0.0,0.0,3.269,1215.32
447,3.284,1106.0,6.03,3173.0,100.0,0.0,0.0,0.0,3.284,1225.55
448,3.291,1090.0,5.82,3174.0,100.0,0.0,0.0,0.0,3.291,1216.8
449,3.284,1133.0,5.61,3175.0,100.0,0.0,0.0,0.0,3.284,1186.48
450,3.307,1154.0,5.68,3173.0,100.0,0.0,0.0,0.0,3.307,1229.92
451,3.276,1111.0,5.85,3173.0,100.0,0.0,0.0,0.0,3.276,1212.63
452,3.282,1101.0,6.35,3173.0,100.0,0.0,0.0,0.0,3.282,1222.68
453,3.281,1111.0,5.84,3173.0,100.0,0.0,0.0,0.0,3.281,1212.4
454,3.294,1168.0,5.72,3173.0,100.0,0.0,0.0,0.0,3.294,1219.44
455,3.276,1142.0,5.58,3174.0,100.0,0.0,0.0,0.0,3.276,1212.02
456,3.253,1090.0,5.71,3174.0,100.0,0.0,0.0,0.0,3.253,1212.63
457,3.273,1139.0,5.99,3173.0,100.0,0.0,0.0,0.0,3.273,1218.22
458,3.29,1136.0,5.84,3173.0,100.0,0.0,0.0,0.0,3.29,1228.55
459,3.283,1146.0,5.85,3174.0,100.0,0.0,0.0,0.0,3.283,1211.97
460,3.31,1163.0,6.04,3174.0,99.93,0.0,0.0,0.0,3.31,1202.66
461,3.278,1104.0,10.64,3174.0,100.0,0.0,0.0,0.0,3.278,1212.53
462,3.322,1124.0,5.82,3173.0,100.0,0.0,0.0,0.0,3.322,1231.71
463,3.301,1102.0,5.86,3173.0,100.0,0.0,0.0,0.0,3.301,1213.55
464,3.317,1144.0,5.57,3174.0,100.0,0.0,0.0,0.0,3.317,1215.41
465,3.304,1139.0,5.94,3173.0,100.0,0.0,0.0,0.0,3.304,1213.99
466,3.29,1132.0,6.35,3173.0,100.0,0.0,0.0,0.0,3.29,1225.27
467,3.276,1108.0,5.89,3174.0,100.0,0.0,0.0,0.0,3.276,1214.35
468,3.278,1123.0,5.91,3174.0,100.0,0.0,0.0,0.0,3.278,1218.13
469,3.293,1159.0,6.25,3174.0,100.0,0.0,0.0,0.0,3.293,1207.82
470,3.288,1144.0,5.7,3174.0,100.0,0.0,0.0,0.0,3.288,1210.22
471,3.264,1107.0,5.63,3174.0,100.0,0.0,0.0,0.0,3.264,1211.84
472,3.295,1089.0,5.83,3173.0,100.0,0.0,0.0,0.0,3.295,1227.13
473,3.29,1109.0,5.88,3173.0,100.0,0.0,0.0,0.0,3.29,1215.45
474,3.309,1107.0,5.74,3173.0,100.0,0.0,0.0,0.0,3.309,1223.91
475,3.292,1134.0,5.55,3174.0,100.0,0.0,0.0,0.0,3.292,1209.74
476,3.26,1120.0,5.55,3174.0,100.0,0.0,0.0,0.0,3.26,1214.75
477,3.276,1103.0,6.05,3173.0,100.0,0.0,0.0,0.0,3.276,1222.3
478,3.275,1075.0,5.74,3174.0,100.0,0.0,0.0,0.0,3.275,1217.99
479,3.291,1111.0,5.75,3173.0,100.0,0.0,0.0,0.0,3.291,1224.91
480,3.289,1144.0,6.5,3174.0,100.0,0.0,712.0,0.32,3.289,1203.94
481,3.301,1133.0,5.97,3174.0,99.92,0.0,0.0,0.0,3.301,1212.07
482,3.283,1087.0,6.19,3173.0,100.0,0.0,0.0,0.0,3.283,1214.52
483,3.265,1084.0,5.65,3174.0,100.0,0.0,0.0,0.0,3.265,1213.18
484,3.279,1098.0,5.64,3173.0,100.0,0.0,0.0,0.0,3.279,1214.48
485,3.286,1130.0,6.08,3174.0,100.0,0.0,0.0,0.0,3.286,1215.76
486,3.285,1133.0,5.77,3174.0,100.0,0.0,0.0,0.0,3.285,1208.44
487,3.278,1129.0,5.95,3174.0,100.0,0.0,0.0,0.0,3.278,1213.08
488,3.268,1111.0,6.03,3174.0,100.0,0.0,0.0,0.0,3.268,1210.47
489,3.308,1092.0,6.18,3174.0,99.81,0.0,0.0,0.0,3.308,1219.37
490,3.3,1113.0,5.78,3173.0,100.0,0.0,0.0,0.0,3.3,1218.96
491,3.318,1141.0,11.28,3174.0,100.0,0.0,0.0,0.0,3.318,1216.88
492,3.292,1131.0,7.32,3174.0,99.92,0.0,0.0,0.0,3.292,1213.94
493,3.299,1099.0,5.88,3173.0,100.0,0.0,0.0,0.0,3.299,1224.92
494,3.284,1079.0,5.88,3174.0,100.0,0.0,0.0,0.0,3.284,1207.26
495,3.286,1113.0,6.1,3173.0,100.0,0.0,0.0,0.0,3.286,1228.02
496,3.331,1181.0,6.13,3174.0,99.92,0.0,0.0,0.0,3.331,1205.36
497,3.271,1123.0,5.79,3174.0,100.0,0.0,0.0,0.0,3.271,1207.53
498,3.258,1124.0,6.41,3174.0,100.0,0.0,0.0,0.0,3.258,1214.12
499,3.27,1097.0,5.78,3173.0,100.0,0.0,0.0,0.0,3.27,1224.8
500,3.277,1052.0,5.68,3173.0,100.0,0.0,0.0,0.0,3.277,1224.83
501,3.291,1172.0,5.89,3173.0,100.0,0.0,0.0,0.0,3.291,1219.65
502,3.284,1153.0,6.13,3174.0,100.0,0.0,0.0,0.0,3.284,1191.43
503,3.272,1115.0,5.68,3173.0,100.0,0.0,0.0,0.0,3.272,1227.7
504,3.253,1101.0,5.68,3174.0,100.0,0.0,0.0,0.0,3.253,1207.03
505,3.257,1076.0,5.6,3174.0,100.0,0.0,0.0,0.0,3.257,1216.88
506,3.285,1108.0,5.85,3173.0,100.0,0.0,0.0,0.0,3.285,1221.67
507,3.317,1168.0,5.69,3173.0,100.0,0.0,0.0,0.0,3.317,1213.94
508,3.275,1138.0,5.7,3174.0,100.0,0.0,0.0,0.0,3.275,1218.03
509,3.257,1125.0,5.62,3174.0,100.0,0.0,0.0,0.0,3.257,1214.97
510,3.256,1131.0,5.84,3174.0,100.0,0.0,0.0,0.0,3.256,1218.44
511,3.284,1079.0,6.03,3172.0,100.0,0.0,0.0,0.0,3.284,1230.7
512,3.273,1109.0,5.76,3174.0,100.0,0.0,0.0,0.0,3.273,1201.82
513,3.259,1154.0,5.56,3176.0,100.0,0.0,0.0,0.0,3.259,1185.26
514,3.251,1120.0,5.78,3173.0,100.0,0.0,0.0,0.0,3.251,1217.85
515,3.258,1117.0,5.7,3173.0,100.0,0.0,0.0,0.0,3.258,1219.18
516,3.267,1091.0,5.83,3173.0,100.0,0.0,0.0,0.0,3.267,1218.9
517,3.283,1126.0,5.72,3173.0,100.0,0.0,0.0,0.0,3.283,1220.18
518,3.281,1151.0,5.55,3175.0,100.0,0.0,0.0,0.0,3.281,1206.0
519,3.263,1115.0,6.17,3175.0,100.0,0.0,0.0,0.0,3.263,1192.42
520,3.252,1119.0,5.53,3174.0,100.0,0.0,0.0,0.0,3.252,1209.88
521,3.299,1120.0,11.47,3174.0,100.0,0.0,0.0,0.0,3.299,1213.12
522,3.291,1098.0,5.72,3174.0,100.0,0.0,0.0,0.0,3.291,1215.72
523,3.291,1133.0,5.64,3174.0,100.0,0.0,0.0,0.0,3.291,1215.67
524,3.289,1118.0,5.9,3176.0,100.0,0.0,0.0,0.0,3.289,1186.7
525,3.285,1134.0,5.57,3173.0,100.0,0.0,0.0,0.0,3.285,1225.12
526,3.264,1103.0,5.92,3174.0,100.0,0.0,0.0,0.0,3.264,1208.78
527,3.268,1094.0,5.77,3174.0,100.0,0.0,0.0,0.0,3.268,1206.65
528,3.285,1089.0,5.73,3173.0,100.0,0.0,0.0,0.0,3.285,1232.16
529,3.277,1112.0,5.59,3174.0,100.0,0.0,0.0,0.0,3.277,1207.56
530,3.292,1134.0,6.21,3174.0,100.0,0.0,0.0,0.0,3.292,1201.9
531,3.278,1128.0,5.95,3174.0,100.0,0.0,0.0,0.0,3.278,1212.04
532,3.286,1116.0,5.8,3173.0,100.0,0.0,0.0,0.0,3.286,1229.63
533,3.27,1079.0,5.81,3173.0,100.0,0.0,0.0,0.0,3.27,1217.96
534,3.27,1088.0,5.87,3174.0,100.0,0.0,0.0,0.0,3.27,1218.97
535,3.29,1107.0,5.61,3173.0,100.0,0.0,0.0,0.0,3.29,1214.89
536,3.296,1161.0,6.09,3176.0,100.0,0.0,0.0,0.0,3.296,1186.87
537,3.286,1113.0,5.81,3174.0,100.0,0.0,0.0,0.0,3.286,1223.4
538,3.285,1120.0,5.7,3173.0,100.0,0.0,0.0,0.0,3.285,1223.98
539,3.275,1119.0,6.86,3174.0,100.0,0.0,714.0,0.41,3.275,1212.49
540,3.247,1105.0,5.8,3173.0,100.0,0.0,0.0,0.0,3.247,1227.02
541,3.269,1127.0,6.3,3174.0,100.0,0.0,0.0,0.0,3.269,1211.07
542,3.269,1169.0,5.86,3174.0,100.0,0.0,0.0,0.0,3.269,1209.26
543,3.238,1140.0,5.63,3174.0,100.0,0.0,0.0,0.0,3.238,1211.86
544,3.235,1098.0,5.73,3174.0,100.0,0.0,0.0,0.0,3.235,1216.46
545,3.245,1119.0,5.55,3174.0,100.0,0.0,0.0,0.0,3.245,1214.71
546,3.26,1079.0,5.96,3174.0,100.0,0.0,0.0,0.0,3.26,1213.79
547,3.275,1145.0,5.9,3174.0,100.0,0.0,0.0,0.0,3.275,1211.82
548,3.266,1149.0,5.57,3175.0,100.0,0.0,0.0,0.0,3.266,1197.54
549,3.241,1113.0,6.0,3173.0,100.0,0.0,0.0,0.0,3.241,1218.65
550,3.299,1087.0,11.51,3174.0,99.92,0.0,0.0,0.0,3.299,1216.57
551,3.297,1096.0,6.77,3173.0,100.0,0.0,0.0,0.0,3.297,1209.08
552,3.653,1165.0,8.39,3163.0,100.0,0.0,0.0,0.0,3.653,1211.77
553,3.319,1133.0,6.64,3173.0,100.0,0.0,0.0,0.0,3.319,1218.61
554,3.302,1173.0,6.12,3174.0,100.0,0.0,0.0,0.0,3.302,1212.52
555,3.266,1125.0,5.51,3174.0,100.0,0.0,0.0,0.0,3.266,1211.43
556,3.336,1159.0,11.33,3171.0,100.0,0.002,713.0,0.73,3.338,1210.67
557,3.272,1091.0,6.12,3174.0,100.0,0.0,710.0,0.22,3.272,1210.45
558,3.271,1105.0,5.95,3174.0,100.0,0.0,0.0,0.0,3.271,1220.66
559,3.284,1120.0,6.84,3174.0,99.53,0.0,0.0,0.0,3.284,1217.62
560,3.293,1147.0,5.71,3174.0,100.0,0.0,0.0,0.0,3.293,1200.06
561,3.272,1110.0,6.19,3175.0,100.0,0.0,0.0,0.0,3.272,1207.71
562,3.268,1090.0,6.21,3173.0,100.0,0.0,0.0,0.0,3.268,1223.68
563,3.25,1095.0,5.91,3174.0,100.0,0.0,0.0,0.0,3.25,1201.13
564,3.258,1114.0,5.73,3174.0,100.0,0.0,0.0,0.0,3.258,1217.56
565,3.275,1142.0,5.85,3173.0,100.0,0.0,0.0,0.0,3.275,1222.26
566,3.31,1193.0,6.53,3175.0,99.91,0.0,0.0,0.0,3.31,1206.69
567,3.262,1119.0,5.7,3174.0,100.0,0.0,0.0,0.0,3.262,1207.05
568,3.254,1092.0,6.25,3175.0,99.89,0.0,0.0,0.0,3.254,1197.74
569,3.265,1141.0,8.41,3174.0,99.75,0.0,715.0,0.41,3.265,1222.98
570,3.28,1153.0,13.59,3174.0,100.0,0.0,0.0,0.0,3.28,1215.37
571,3.301,1114.0,6.61,3173.0,100.0,0.0,0.0,0.0,3.301,1224.34
572,3.268,1147.0,6.49,3174.0,100.0,0.0,0.0,0.0,3.268,1205.48
573,3.331,1211.0,14.76,3173.0,100.0,0.0,0.0,0.0,3.331,1202.61
574,3.268,1112.0,5.76,3174.0,100.0,0.0,0.0,0.0,3.268,1212.25
575,3.271,1107.0,5.75,3174.0,100.0,0.0,0.0,0.0,3.271,1218.86
576,3.27,1104.0,6.37,3174.0,100.0,0.0,0.0,0.0,3.27,1216.97
577,3.276,1084.0,6.22,3174.0,99.92,0.0,0.0,0.0,3.276,1211.15
578,3.272,1126.0,5.74,3174.0,100.0,0.0,0.0,0.0,3.272,1214.46
579,3.297,1191.0,6.35,3174.0,99.7,0.0,0.0,0.0,3.297,1215.7
580,3.3,1142.0,11.51,3173.0,99.6,0.0,0.0,0.0,3.3,1219.01
581,3.249,1104.0,6.49,3175.0,99.85,0.0,0.0,0.0,3.249,1208.7
582,3.253,1099.0,5.71,3174.0,100.0,0.0,0.0,0.0,3.253,1215.54
583,3.257,1084.0,5.8,3175.0,100.0,0.0,0.0,0.0,3.257,1211.22
584,3.27,1128.0,5.94,3174.0,100.0,0.0,0.0,0.0,3.27,1208.0
585,3.314,1160.0,6.67,3173.0,100.0,0.0,0.0,0.0,3.314,1222.03
586,3.281,1159.0,6.12,3173.0,100.0,0.0,0.0,0.0,3.281,1207.0
587,3.28,1105.0,5.59,3173.0,100.0,0.0,0.0,0.0,3.28,1215.52
588,3.26,1097.0,5.66,3174.0,100.0,0.0,0.0,0.0,3.26,1219.08
589,3.271,1098.0,5.77,3173.0,100.0,0.0,0.0,0.0,3.271,1223.51
590,3.267,1094.0,6.27,3174.0,100.0,0.0,0.0,0.0,3.267,1208.06
591,3.292,1137.0,5.91,3174.0,100.0,0.0,0.0,0.0,3.292,1211.83
592,3.282,1143.0,5.6,3174.0,100.0,0.0,0.0,0.0,3.282,1202.38
593,3.241,1134.0,5.67,3175.0,100.0,0.0,0.0,0.0,3.241,1198.81
594,3.249,1099.0,6.29,3175.0,99.54,0.0,0.0,0.0,3.249,1204.58
595,3.263,1054.0,6.73,3174.0,100.0,0.0,0.0,0.0,3.263,1215.38
596,3.284,1113.0,6.28,3174.0,99.85,0.0,0.0,0.0,3.284,1217.11
597,3.275,1115.0,5.79,3174.0,100.0,0.0,0.0,0.0,3.275,1210.82
598,3.289,1159.0,6.24,3175.0,99.87,0.0,0.0,0.0,3.289,1197.3
599,3.283,1149.0,6.48,3175.0,100.0,0.002,712.0,0.32,3.285,1193.12
600,3.28,1126.0,5.91,3173.0,100.0,0.0,0.0,0.0,3.28,1221.45
601,3.268,1084.0,5.99,3174.0,100.0,0.0,0.0,0.0,3.268,1213.88
602,3.25,1099.0,5.61,3174.0,100.0,0.0,0.0,0.0,3.25,1215.67
603,3.274,1083.0,6.24,3173.0,100.0,0.0,0.0,0.0,3.274,1215.63
604,3.297,1107.0,5.82,3173.0,100.0,0.0,0.0,0.0,3.297,1222.69
605,3.302,1177.0,5.73,3174.0,100.0,0.0,0.0,0.0,3.302,1200.79
606,3.296,1112.0,5.84,3173.0,100.0,0.0,0.0,0.0,3.296,1229.99
607,3.259,1113.0,5.69,3173.0,100.0,0.0,0.0,0.0,3.259,1211.58
608,3.259,1113.0,5.68,3173.0,100.0,0.0,0.0,0.0,3.259,1228.55
609,3.26,1096.0,5.7,3173.0,100.0,0.0,0.0,0.0,3.26,1213.97
610,3.314,1093.0,11.19,3173.0,100.0,0.0,0.0,0.0,3.314,1216.55
611,3.302,1194.0,7.51,3174.0,100.0,0.0,0.0,0.0,3.302,1217.48
612,3.291,1155.0,5.85,3175.0,100.0,0.0,0.0,0.0,3.291,1195.14
613,3.264,1111.0,6.0,3174.0,100.0,0.0,0.0,0.0,3.264,1214.29
614,3.28,1117.0,5.83,3174.0,100.0,0.0,0.0,0.0,3.28,1210.55
615,3.267,1081.0,6.97,3174.0,99.7,0.0,0.0,0.0,3.267,1220.83
616,3.27,1096.0,6.35,3174.0,100.0,0.0,0.0,0.0,3.27,1214.76
617,3.281,1162.0,7.19,3174.0,100.0,0.0,715.0,0.51,3.281,1202.24
618,3.277,1155.0,5.72,3174.0,100.0,0.0,0.0,0.0,3.277,1220.6
619,3.275,1172.0,6.05,3174.0,100.0,0.0,0.0,0.0,3.275,1200.1
620,3.254,1127.0,6.21,3174.0,100.0,0.0,0.0,0.0,3.254,1209.0
621,3.267,1112.0,6.06,3173.0,100.0,0.0,0.0,0.0,3.267,1219.12
622,3.271,1144.0,5.65,3173.0,100.0,0.0,0.0,0.0,3.271,1230.43
623,3.278,1113.0,5.85,3173.0,100.0,0.0,0.0,0.0,3.278,1224.89
624,3.284,1129.0,5.58,3174.0,100.0,0.0,0.0,0.0,3.284,1216.06
625,3.281,1153.0,6.14,3175.0,100.0,0.0,0.0,0.0,3.281,1193.5
626,3.287,1145.0,5.82,3174.0,100.0,0.0,0.0,0.0,3.287,1212.06
627,3.248,1120.0,6.32,3174.0,100.0,0.0,0.0,0.0,3.248,1210.68
628,3.258,1101.0,5.89,3173.0,100.0,0.0,0.0,0.0,3.258,1223.55
629,3.258,1122.0,5.87,3174.0,100.0,0.0,0.0,0.0,3.258,1211.68
630,3.272,1136.0,6.22,3173.0,100.0,0.0,0.0,0.0,3.272,1224.73
631,3.275,1129.0,5.91,3173.0,100.0,0.0,0.0,0.0,3.275,1218.54
632,3.276,1164.0,5.68,3174.0,100.0,0.0,0.0,0.0,3.276,1204.09
633,3.267,1156.0,5.74,3174.0,100.0,0.0,0.0,0.0,3.267,1202.41
634,3.256,1122.0,5.76,3174.0,100.0,0.0,0.0,0.0,3.256,1209.76
635,3.273,1129.0,5.82,3173.0,100.0,0.0,0.0,0.0,3.273,1227.08
636,3.273,1112.0,6.19,3173.0,100.0,0.0,0.0,0.0,3.273,1214.19
637,3.263,1098.0,6.2,3173.0,100.0,0.0,0.0,0.0,3.263,1221.55
638,3.276,1126.0,5.66,3174.0,100.0,0.0,0.0,0.0,3.276,1215.73
639,3.287,1165.0,11.06,3174.0,100.0,0.0,0.0,0.0,3.287,1205.66
640,3.274,1140.0,5.89,3175.0,100.0,0.0,0.0,0.0,3.274,1192.66
641,3.256,1117.0,5.86,3174.0,100.0,0.0,0.0,0.0,3.256,1212.78
642,3.252,1132.0,5.67,3174.0,100.0,0.0,0.0,0.0,3.252,1221.37
643,3.286,1097.0,6.47,3174.0,99.87,0.0,0.0,0.0,3.286,1208.28
644,3.283,1073.0,5.77,3173.0,100.0,0.0,0.0,0.0,3.283,1227.53
645,3.278,1110.0,5.96,3174.0,100.0,0.0,0.0,0.0,3.278,1206.19
646,3.289,1137.0,5.95,3174.0,100.0,0.0,0.0,0.0,3.289,1216.16
647,3.276,1184.0,5.66,3174.0,100.0,0.0,0.0,0.0,3.276,1200.92
648,3.239,1107.0,5.7,3174.0,100.0,0.0,0.0,0.0,3.239,1207.43
649,3.25,1098.0,6.2,3173.0,100.0,0.0,0.0,0.0,3.25,1217.89
650,3.257,1116.0,7.2,3173.0,100.0,0.0,713.0,0.31,3.257,1220.72
651,3.248,1104.0,6.0,3174.0,100.0,0.0,0.0,0.0,3.248,1213.92
652,3.275,1102.0,6.27,3174.0,100.0,0.0,0.0,0.0,3.275,1219.37
653,3.295,1136.0,5.71,3174.0,100.0,0.0,0.0,0.0,3.295,1201.52
654,3.288,1140.0,6.04,3175.0,100.0,0.0,0.0,0.0,3.288,1202.6
655,3.279,1119.0,5.95,3174.0,100.0,0.0,0.0,0.0,3.279,1216.29
656,3.257,1106.0,5.79,3174.0,100.0,0.0,0.0,0.0,3.257,1212.92
657,3.264,1099.0,5.68,3173.0,100.0,0.0,0.0,0.0,3.264,1215.15
658,3.254,1124.0,7.08,3174.0,100.0,0.0,714.0,0.41,3.254,1219.75
659,3.261,1124.0,7.4,3174.0,100.0,0.0,0.0,0.0,3.261,1207.28
660,3.283,1122.0,6.23,3174.0,100.0,0.0,0.0,0.0,3.283,1219.46
661,3.279,1177.0,5.63,3174.0,100.0,0.0,0.0,0.0,3.279,1204.52
662,3.249,1110.0,5.66,3174.0,100.0,0.0,0.0,0.0,3.249,1204.19
663,3.241,1110.0,5.67,3174.0,100.0,0.0,0.0,0.0,3.241,1209.09
664,3.232,1093.0,5.72,3174.0,100.0,0.0,0.0,0.0,3.232,1218.24
665,3.267,1089.0,5.95,3174.0,100.0,0.0,0.0,0.0,3.267,1221.59
666,3.251,1098.0,5.96,3174.0,100.0,0.0,0.0,0.0,3.251,1211.46
667,3.271,1142.0,5.73,3174.0,100.0,0.0,0.0,0.0,3.271,1214.87
668,3.277,1177.0,5.63,3174.0,100.0,0.0,0.0,0.0,3.277,1217.02
669,3.285,1141.0,11.4,3174.0,100.0,0.0,0.0,0.0,3.285,1201.76
670,3.466,1129.0,8.08,3169.0,100.0,0.0,0.0,0.0,3.466,1207.19
671,3.391,1122.0,6.9,3169.0,100.0,0.0,0.0,0.0,3.391,1216.52
672,3.258,1110.0,5.99,3174.0,100.0,0.0,0.0,0.0,3.258,1209.87
673,3.241,1100.0,6.09,3174.0,100.0,0.0,0.0,0.0,3.241,1216.0
674,3.292,1118.0,6.09,3173.0,99.92,0.0,0.0,0.0,3.292,1215.84
675,3.296,1152.0,6.25,3174.0,99.79,0.0,0.0,0.0,3.296,1216.8
676,3.259,1196.0,6.39,3176.0,99.81,0.0,0.0,0.0,3.259,1189.36
677,3.238,1142.0,5.75,3175.0,100.0,0.0,0.0,0.0,3.238,1195.55
678,3.232,1104.0,6.45,3174.0,100.0,0.0,0.0,0.0,3.232,1219.15
679,3.265,1091.0,6.55,3174.0,100.0,0.0,0.0,0.0,3.265,1213.24
680,3.264,1125.0,6.32,3174.0,99.92,0.0,0.0,0.0,3.264,1208.28
681,3.264,1105.0,5.8,3174.0,100.0,0.0,0.0,0.0,3.264,1212.75
682,3.289,1113.0,5.84,3173.0,100.0,0.0,0.0,0.0,3.289,1225.91
683,3.266,1147.0,5.64,3175.0,100.0,0.0,0.0,0.0,3.266,1188.26
684,3.253,1151.0,5.87,3175.0,100.0,0.0,0.0,0.0,3.253,1195.76
685,3.259,1122.0,5.76,3174.0,100.0,0.0,0.0,0.0,3.259,1220.37
686,3.261,1111.0,5.77,3173.0,100.0,0.0,0.0,0.0,3.261,1214.71
687,3.27,1125.0,6.1,3173.0,100.0,0.0,0.0,0.0,3.27,1218.11
688,3.27,1111.0,6.16,3174.0,100.0,0.0,0.0,0.0,3.27,1216.1
689,3.264,1091.0,6.02,3174.0,100.0,0.0,0.0,0.0,3.264,1209.36
690,3.276,1123.0,5.74,3174.0,100.0,0.0,0.0,0.0,3.276,1204.8
691,3.283,1165.0,5.71,3174.0,100.0,0.0,0.0,0.0,3.283,1207.14
692,3.227,1113.0,6.99,3175.0,100.0,0.0,0.0,0.0,3.227,1190.42
693,3.257,1103.0,6.94,3173.0,100.0,0.001,714.0,0.73,3.258,1215.67
694,3.251,1099.0,6.06,3174.0,100.0,0.001,709.0,0.22,3.252,1214.56
695,3.25,1124.0,5.92,3174.0,100.0,0.0,0.0,0.0,3.25,1212.55
696,3.253,1117.0,5.7,3174.0,100.0,0.0,0.0,0.0,3.253,1214.79
697,3.259,1146.0,5.99,3174.0,100.0,0.0,0.0,0.0,3.259,1210.33
698,3.265,1155.0,5.62,3174.0,100.0,0.0,0.0,0.0,3.265,1214.33
699,3.323,1181.0,10.76,3174.0,100.0,0.0,0.0,0.0,3.323,1204.58
700,3.251,1142.0,5.9,3175.0,100.0,0.0,0.0,0.0,3.251,1204.69
701,3.24,1104.0,5.73,3174.0,100.0,0.0,0.0,0.0,3.24,1211.91
702,3.25,1107.0,6.19,3174.0,100.0,0.0,0.0,0.0,3.25,1217.05
703,3.261,1130.0,5.81,3174.0,100.0,0.0,0.0,0.0,3.261,1217.78
704,3.261,1122.0,6.06,3173.0,100.0,0.0,0.0,0.0,3.261,1218.28
705,3.264,1139.0,5.7,3174.0,100.0,0.0,0.0,0.0,3.264,1208.97
706,3.263,1172.0,5.54,3175.0,100.0,0.0,0.0,0.0,3.263,1193.69
707,3.234,1168.0,5.59,3177.0,100.0,0.0,0.0,0.0,3.234,1172.52
708,3.244,1105.0,5.64,3174.0,100.0,0.0,0.0,0.0,3.244,1209.83
709,3.241,1101.0,5.93,3174.0,100.0,0.0,0.0,0.0,3.241,1218.08
710,3.259,1126.0,5.98,3173.0,100.0,0.0,0.0,0.0,3.259,1215.58
711,3.246,1095.0,5.68,3174.0,100.0,0.0,0.0,0.0,3.246,1218.54
712,3.26,1114.0,5.77,3173.0,100.0,0.0,0.0,0.0,3.26,1219.68
713,3.267,1114.0,5.55,3174.0,100.0,0.0,0.0,0.0,3.267,1218.35
714,3.295,1187.0,5.93,3173.0,100.0,0.0,0.0,0.0,3.295,1214.17
715,3.278,1157.0,5.68,3174.0,100.0,0.0,0.0,0.0,3.278,1194.36
716,3.249,1126.0,5.71,3174.0,100.0,0.0,0.0,0.0,3.249,1222.87
717,3.255,1132.0,6.6,3173.0,100.0,0.0,714.0,0.41,3.255,1215.0
718,3.227,1122.0,5.94,3174.0,100.0,0.0,0.0,0.0,3.227,1222.35
719,3.259,1084.0,7.12,3173.0,100.0,0.0,0.0,0.0,3.259,1214.17
720,3.268,1092.0,5.88,3173.0,100.0,0.0,0.0,0.0,3.268,1223.8
721,3.274,1137.0,6.19,3173.0,100.0,0.0,0.0,0.0,3.274,1217.04
722,3.267,1158.0,5.74,3175.0,100.0,0.0,0.0,0.0,3.267,1193.13
723,3.261,1131.0,5.59,3174.0,100.0,0.0,0.0,0.0,3.261,1202.72
724,3.248,1142.0,6.65,3174.0,100.0,0.0,0.0,0.0,3.248,1208.61
725,3.252,1103.0,6.07,3173.0,100.0,0.0,0.0,0.0,3.252,1229.13
726,3.237,1122.0,5.7,3174.0,100.0,0.0,0.0,0.0,3.237,1206.55
727,3.245,1097.0,5.88,3174.0,100.0,0.0,0.0,0.0,3.245,1211.78
728,3.258,1107.0,10.74,3174.0,100.0,0.0,0.0,0.0,3.258,1221.22
729,3.289,1142.0,7.03,3174.0,100.0,0.0,0.0,0.0,3.289,1208.06
730,3.306,1173.0,5.89,3174.0,100.0,0.0,0.0,0.0,3.306,1212.59
731,3.284,1175.0,5.75,3174.0,100.0,0.0,0.0,0.0,3.284,1203.53
732,3.254,1125.0,6.21,3174.0,100.0,0.0,0.0,0.0,3.254,1214.9
733,3.257,1114.0,5.65,3173.0,100.0,0.0,0.0,0.0,3.257,1218.41
734,3.242,1103.0,5.71,3174.0,100.0,0.0,0.0,0.0,3.242,1208.95
735,3.227,1129.0,5.75,3174.0,100.0,0.0,0.0,0.0,3.227,1206.95
736,3.246,1114.0,5.85,3173.0,100.0,0.0,0.0,0.0,3.246,1220.09
737,3.25,1138.0,5.75,3174.0,100.0,0.0,0.0,0.0,3.25,1216.52
738,3.281,1163.0,5.86,3174.0,100.0,0.0,0.0,0.0,3.281,1199.41
739,3.29,1171.0,5.9,3174.0,100.0,0.0,0.0,0.0,3.29,1198.83
740,3.275,1135.0,5.83,3173.0,100.0,0.0,0.0,0.0,3.275,1220.42
741,3.244,1115.0,5.69,3174.0,100.0,0.0,0.0,0.0,3.244,1224.03
742,3.25,1111.0,5.8,3174.0,100.0,0.0,0.0,0.0,3.25,1217.84
743,3.242,1123.0,5.79,3174.0,100.0,0.0,0.0,0.0,3.242,1214.38
744,3.254,1124.0,6.03,3174.0,100.0,0.0,0.0,0.0,3.254,1209.3
745,3.258,1119.0,5.57,3174.0,100.0,0.0,0.0,0.0,3.258,1211.06
746,3.277,1149.0,5.71,3173.0,100.0,0.0,0.0,0.0,3.277,1224.57
747,3.266,1171.0,5.74,3174.0,100.0,0.0,0.0,0.0,3.266,1196.74
748,3.236,1117.0,5.59,3174.0,100.0,0.0,0.0,0.0,3.236,1205.71
749,3.24,1135.0,5.96,3173.0,100.0,0.0,0.0,0.0,3.24,1218.66
750,3.215,1098.0,5.66,3175.0,100.0,0.0,0.0,0.0,3.215,1200.44
751,3.237,1108.0,5.94,3174.0,100.0,0.0,0.0,0.0,3.237,1218.0
752,3.242,1112.0,5.91,3173.0,100.0,0.0,0.0,0.0,3.242,1217.6
753,3.252,1124.0,5.74,3174.0,100.0,0.0,0.0,0.0,3.252,1222.98
754,3.265,1139.0,6.01,3174.0,100.0,0.0,0.0,0.0,3.265,1204.28
755,3.276,1164.0,6.18,3173.0,100.0,0.0,0.0,0.0,3.276,1210.75
756,3.259,1158.0,6.01,3174.0,100.0,0.0,0.0,0.0,3.259,1205.46
757,3.256,1132.0,5.72,3173.0,100.0,0.0,0.0,0.0,3.256,1217.3
758,3.278,1102.0,10.83,3173.0,100.0,0.0,0.0,0.0,3.278,1214.79
759,3.256,1123.0,6.06,3173.0,100.0,0.0,0.0,0.0,3.256,1220.99
760,3.245,1107.0,5.67,3174.0,100.0,0.0,0.0,0.0,3.245,1216.6
761,3.249,1096.0,5.69,3174.0,100.0,0.0,0.0,0.0,3.249,1213.64
762,3.272,1113.0,5.98,3173.0,100.0,0.0,0.0,0.0,3.272,1214.78
763,3.275,1142.0,6.48,3174.0,100.0,0.0,0.0,0.0,3.275,1205.31
764,3.261,1150.0,6.2,3174.0,100.0,0.0,0.0,0.0,3.261,1198.35
765,3.246,1130.0,5.65,3174.0,100.0,0.0,0.0,0.0,3.246,1217.28
766,3.218,1080.0,5.7,3174.0,100.0,0.0,0.0,0.0,3.218,1198.46
767,3.226,1123.0,6.62,3175.0,99.79,0.0,0.0,0.0,3.226,1217.55
768,3.24,1088.0,6.12,3174.0,100.0,0.0,0.0,0.0,3.24,1203.57
769,3.251,1071.0,6.04,3173.0,100.0,0.0,0.0,0.0,3.251,1224.35
770,3.25,1118.0,5.78,3174.0,100.0,0.0,0.0,0.0,3.25,1222.46
771,3.249,1126.0,5.82,3174.0,100.0,0.0,0.0,0.0,3.249,1206.74
772,3.263,1162.0,6.06,3174.0,100.0,0.0,0.0,0.0,3.263,1202.86
773,3.261,1175.0,5.87,3174.0,100.0,0.0,0.0,0.0,3.261,1206.35
774,3.239,1088.0,5.85,3174.0,100.0,0.0,0.0,0.0,3.239,1218.55
775,3.228,1090.0,5.67,3174.0,100.0,0.0,0.0,0.0,3.228,1211.71
776,3.238,1096.0,6.19,3174.0,100.0,0.0,0.0,0.0,3.238,1203.95
777,3.246,1109.0,6.52,3173.0,100.0,0.001,714.0,0.41,3.247,1220.49
778,3.24,1105.0,5.95,3174.0,100.0,0.0,0.0,0.0,3.24,1213.06
779,3.243,1084.0,6.09,3174.0,100.0,0.0,0.0,0.0,3.243,1208.24
780,3.252,1168.0,5.62,3174.0,100.0,0.0,0.0,0.0,3.252,1208.82
781,3.221,1164.0,5.8,3176.0,100.0,0.0,0.0,0.0,3.221,1180.11
782,3.225,1114.0,5.74,3175.0,100.0,0.0,0.0,0.0,3.225,1200.07
783,3.227,1118.0,5.85,3175.0,100.0,0.0,0.0,0.0,3.227,1208.72
784,3.234,1094.0,5.74,3174.0,100.0,0.0,0.0,0.0,3.234,1203.89
785,3.225,1096.0,5.83,3174.0,100.0,0.0,0.0,0.0,3.225,1217.45
786,3.225,1103.0,5.82,3174.0,100.0,0.0,0.0,0.0,3.225,1211.56
787,3.249,1098.0,5.86,3173.0,100.0,0.0,0.0,0.0,3.249,1226.13
788,3.28,1144.0,11.16,3175.0,100.0,0.0,0.0,0.0,3.28,1199.38
789,3.645,1206.0,9.27,3164.0,100.0,0.0,0.0,0.0,3.645,1208.94
790,3.275,1160.0,5.84,3174.0,100.0,0.0,0.0,0.0,3.275,1197.81
791,3.232,1103.0,6.95,3175.0,99.71,0.0,0.0,0.0,3.232,1203.5
792,3.253,1113.0,6.28,3175.0,99.77,0.0,0.0,0.0,3.253,1222.6
793,3.237,1095.0,5.69,3174.0,100.0,0.0,0.0,0.0,3.237,1202.71
794,3.237,1101.0,5.86,3174.0,100.0,0.0,0.0,0.0,3.237,1218.37
795,3.237,1104.0,5.76,3174.0,100.0,0.0,0.0,0.0,3.237,1214.24
796,3.244,1110.0,5.73,3174.0,100.0,0.0,0.0,0.0,3.244,1214.48
797,3.235,1151.0,5.66,3175.0,100.0,0.0,0.0,0.0,3.235,1207.64
798,3.262,1141.0,5.94,3175.0,100.0,0.0,0.0,0.0,3.262,1199.17
799,3.267,1164.0,6.66,3174.0,100.0,0.0,0.0,0.0,3.267,1209.2
800,3.232,1144.0,6.99,3174.0,100.0,0.0,713.0,0.31,3.232,1207.71
801,3.221,1138.0,5.68,3174.0,100.0,0.0,0.0,0.0,3.221,1215.15
802,3.234,1105.0,6.07,3174.0,100.0,0.0,0.0,0.0,3.234,1213.25
803,3.234,1104.0,6.21,3174.0,100.0,0.0,0.0,0.0,3.234,1216.72
804,3.266,1104.0,6.21,3174.0,99.92,0.0,0.0,0.0,3.266,1219.28
805,3.253,1120.0,9.21,3174.0,100.0,0.0,0.0,0.0,3.253,1213.29
806,3.287,1139.0,14.16,3175.0,100.0,0.0,710.0,0.22,3.287,1196.94
807,3.351,1194.0,15.58,3174.0,100.0,0.0,0.0,0.0,3.351,1211.24
808,3.266,1160.0,6.94,3176.0,100.0,0.0,709.0,0.22,3.266,1185.51
809,3.252,1121.0,5.95,3174.0,100.0,0.0,0.0,0.0,3.252,1211.25
810,3.238,1126.0,5.94,3174.0,100.0,0.0,0.0,0.0,3.238,1209.36
811,3.233,1117.0,5.97,3174.0,100.0,0.0,0.0,0.0,3.233,1223.56
812,3.234,1104.0,5.67,3174.0,100.0,0.0,0.0,0.0,3.234,1215.16
813,3.249,1100.0,5.96,3174.0,100.0,0.0,0.0,0.0,3.249,1216.54
814,3.243,1101.0,6.0,3174.0,100.0,0.0,0.0,0.0,3.243,1211.7
815,3.25,1132.0,5.71,3174.0,100.0,0.0,0.0,0.0,3.25,1209.27
816,3.256,1139.0,5.8,3174.0,100.0,0.0,0.0,0.0,3.256,1206.39
817,3.273,1167.0,11.01,3174.0,100.0,0.0,0.0,0.0,3.273,1200.81
818,3.26,1154.0,6.02,3174.0,100.0,0.0,0.0,0.0,3.26,1217.2
819,3.23,1129.0,6.11,3174.0,100.0,0.0,0.0,0.0,3.23,1211.89
820,3.232,1120.0,7.73,3174.0,99.89,0.0,713.0,0.31,3.232,1205.47
821,3.245,1100.0,6.76,3173.0,100.0,0.0,0.0,0.0,3.245,1226.35
822,3.246,1132.0,6.8,3174.0,100.0,0.0,0.0,0.0,3.246,1206.41
823,3.263,1107.0,6.12,3174.0,100.0,0.0,0.0,0.0,3.263,1222.28
824,3.265,1137.0,5.94,3174.0,100.0,0.0,0.0,0.0,3.265,1209.53
825,3.268,1148.0,5.6,3174.0,100.0,0.0,0.0,0.0,3.268,1207.04
826,3.263,1161.0,5.76,3174.0,100.0,0.0,0.0,0.0,3.263,1197.51
827,3.244,1157.0,5.77,3174.0,100.0,0.0,0.0,0.0,3.244,1211.5
828,3.229,1106.0,6.03,3174.0,100.0,0.0,0.0,0.0,3.229,1211.1
829,3.217,1109.0,6.1,3175.0,100.0,0.0,0.0,0.0,3.217,1213.54
830,3.234,1089.0,6.16,3175.0,99.92,0.0,0.0,0.0,3.234,1206.64
831,3.237,1073.0,5.78,3174.0,100.0,0.0,0.0,0.0,3.237,1209.94
832,3.234,1089.0,5.85,3174.0,100.0,0.0,0.0,0.0,3.234,1213.74
833,3.251,1107.0,6.18,3174.0,100.0,0.0,0.0,0.0,3.251,1210.49
834,3.284,1165.0,6.3,3174.0,99.71,0.0,0.0,0.0,3.284,1217.9
835,3.276,1157.0,5.83,3174.0,100.0,0.0,0.0,0.0,3.276,1205.92
836,3.243,1185.0,6.38,3175.0,100.0,0.0,708.0,0.22,3.243,1184.15
837,3.249,1104.0,5.65,3175.0,100.0,0.0,0.0,0.0,3.249,1198.73
838,3.246,1119.0,6.35,3173.0,100.0,0.0,0.0,0.0,3.246,1229.0
839,3.246,1069.0,6.14,3174.0,100.0,0.0,0.0,0.0,3.246,1212.15
840,3.234,1111.0,5.63,3174.0,100.0,0.0,0.0,0.0,3.234,1210.73
841,3.236,1093.0,5.73,3174.0,100.0,0.0,0.0,0.0,3.236,1210.3
842,3.248,1081.0,5.8,3174.0,100.0,0.0,0.0,0.0,3.248,1211.19
843,3.27,1131.0,6.05,3174.0,100.0,0.0,0.0,0.0,3.27,1221.15
844,3.265,1175.0,5.86,3174.0,100.0,0.0,0.0,0.0,3.265,1210.8
845,3.241,1144.0,5.63,3175.0,100.0,0.0,0.0,0.0,3.241,1201.81
846,3.215,1128.0,5.92,3174.0,100.0,0.0,0.0,0.0,3.215,1206.89
847,3.231,1108.0,11.34,3174.0,100.0,0.0,0.0,0.0,3.231,1212.35
848,3.255,1094.0,7.45,3174.0,99.92,0.0,0.0,0.0,3.255,1212.0
849,3.246,1093.0,6.23,3174.0,100.0,0.0,0.0,0.0,3.246,1210.66
850,3.241,1074.0,5.75,3174.0,100.0,0.0,0.0,0.0,3.241,1213.07
851,3.25,1076.0,6.1,3174.0,100.0,0.0,0.0,0.0,3.25,1209.18
852,3.239,1128.0,5.67,3174.0,100.0,0.0,0.0,0.0,3.239,1213.34
853,3.258,1144.0,6.42,3174.0,100.0,0.0,0.0,0.0,3.258,1205.57
854,3.262,1165.0,5.73,3175.0,100.0,0.0,0.0,0.0,3.262,1200.5
855,3.236,1130.0,5.67,3175.0,100.0,0.0,0.0,0.0,3.236,1197.81
856,3.23,1123.0,6.42,3174.0,100.0,0.0,0.0,0.0,3.23,1218.57
857,3.248,1109.0,6.62,3174.0,99.85,0.0,0.0,0.0,3.248,1219.17
858,3.224,1089.0,5.85,3174.0,100.0,0.0,0.0,0.0,3.224,1211.89
859,3.228,1084.0,5.88,3174.0,100.0,0.0,0.0,0.0,3.228,1210.05
860,3.225,1095.0,5.67,3174.0,100.0,0.0,0.0,0.0,3.225,1214.48
861,3.234,1079.0,5.7,3173.0,100.0,0.0,0.0,0.0,3.234,1216.19
862,3.252,1137.0,6.1,3174.0,100.0,0.0,0.0,0.0,3.252,1212.07
863,3.264,1172.0,5.64,3175.0,100.0,0.0,0.0,0.0,3.264,1201.43
864,3.259,1144.0,5.67,3174.0,100.0,0.0,0.0,0.0,3.259,1203.51
865,3.219,1125.0,5.69,3174.0,100.0,0.0,0.0,0.0,3.219,1211.55
866,3.217,1108.0,6.04,3175.0,100.0,0.0,0.0,0.0,3.217,1197.66
867,3.234,1069.0,5.97,3174.0,100.0,0.0,0.0,0.0,3.234,1210.68
868,3.226,1078.0,5.83,3174.0,100.0,0.0,0.0,0.0,3.226,1220.86
869,3.223,1100.0,5.7,3174.0,100.0,0.0,0.0,0.0,3.223,1207.48
870,3.23,1121.0,5.71,3174.0,100.0,0.0,0.0,0.0,3.23,1221.04
871,3.237,1115.0,5.75,3174.0,100.0,0.0,0.0,0.0,3.237,1208.23
872,3.261,1172.0,6.77,3174.0,99.66,0.0,0.0,0.0,3.261,1212.94
873,3.287,1182.0,6.68,3175.0,99.83,0.0,0.0,0.0,3.287,1203.06
874,3.267,1176.0,5.69,3175.0,100.0,0.0,0.0,0.0,3.267,1199.9
875,3.235,1113.0,5.64,3174.0,100.0,0.0,0.0,0.0,3.235,1216.73
876,3.224,1103.0,5.73,3174.0,100.0,0.0,0.0,0.0,3.224,1211.28
877,3.271,1087.0,10.83,3174.0,100.0,0.0,0.0,0.0,3.271,1215.0
878,3.232,1092.0,5.82,3174.0,100.0,0.0,0.0,0.0,3.232,1207.75
879,3.234,1100.0,5.79,3174.0,100.0,0.0,0.0,0.0,3.234,1218.4
880,3.244,1081.0,6.06,3174.0,100.0,0.0,0.0,0.0,3.244,1218.86
881,3.275,1119.0,5.69,3173.0,100.0,0.0,0.0,0.0,3.275,1212.4
882,3.278,1162.0,6.24,3174.0,100.0,0.0,0.0,0.0,3.278,1206.91
883,3.27,1188.0,5.73,3175.0,100.0,0.0,0.0,0.0,3.27,1203.0
884,3.254,1158.0,5.66,3174.0,100.0,0.0,0.0,0.0,3.254,1200.3
885,3.235,1104.0,6.37,3174.0,100.0,0.0,0.0,0.0,3.235,1215.06
886,3.235,1120.0,7.55,3174.0,100.0,0.0,0.0,0.0,3.235,1214.77
887,3.248,1111.0,6.13,3174.0,100.0,0.0,0.0,0.0,3.248,1206.7
888,3.231,1104.0,5.76,3175.0,100.0,0.0,0.0,0.0,3.231,1200.17
889,3.239,1090.0,5.93,3176.0,100.0,0.0,0.0,0.0,3.239,1207.59
890,3.225,1100.0,5.45,3178.0,100.0,0.0,0.0,0.0,3.225,1182.85
891,3.229,1120.0,5.27,3178.0,100.0,0.0,0.0,0.0,3.229,1186.09
892,3.224,1143.0,5.66,3177.0,100.0,0.0,0.0,0.0,3.224,1202.87
893,3.207,1158.0,5.36,3178.0,100.0,0.0,0.0,0.0,3.207,1181.03
894,3.529,1101.0,8.33,3169.0,100.0,0.0,713.0,0.63,3.529,1247.29
895,3.334,1077.0,21.59,3177.0,100.0,0.002,711.0,0.54,3.336,1218.36
896,3.297,1029.0,6.19,3177.0,100.0,0.0,709.0,0.22,3.297,1219.51
897,3.3,1025.0,6.02,3177.0,100.0,0.0,0.0,0.0,3.3,1219.34
898,3.276,1032.0,5.8,3177.0,100.0,0.0,0.0,0.0,3.276,1223.49
899,0.591,983.0,2.98,1081.0,18.86,0.0,0.0,0.0,0.591,220.33
