Time (s),CPU Power (W),E-Cluster HW active frequency MHz,E-Cluster HW active residency %,P-Cluster HW active frequency MHz,P-Cluster HW active residency %,GPU Power (W),GPU active frequency MHz,GPU active residency %,Power (W)
0,0.052,1088.0,20.46,629.0,0.84,0.0,0.0,0.0,0.052
1,0.026,1037.0,11.0,618.0,1.02,0.0,0.0,0.0,0.026
2,0.026,1043.0,10.24,619.0,1.0,0.0,0.0,0.0,0.026
3,0.026,1038.0,10.65,618.0,1.24,0.0,0.0,0.0,0.026
4,0.03,996.0,12.24,611.0,1.0,0.0,0.0,0.0,0.03
5,0.029,1014.0,6.29,640.0,1.83,0.0,0.0,0.0,0.029
6,0.026,1036.0,10.81,616.0,1.08,0.0,0.0,0.0,0.026
7,0.024,1036.0,11.62,615.0,0.67,0.0,0.0,0.0,0.024
8,0.027,1045.0,10.47,617.0,1.03,0.0,0.0,0.0,0.027
9,0.027,1055.0,11.42,624.0,1.44,0.003,711.0,0.41,0.03
10,0.025,1043.0,10.34,611.0,1.57,0.0,0.0,0.0,0.025
11,0.023,1038.0,11.26,609.0,1.02,0.0,0.0,0.0,0.023
12,0.037,1038.0,31.04,609.0,1.14,0.0,0.0,0.0,0.037
13,0.025,1040.0,10.05,609.0,1.58,0.0,0.0,0.0,0.025
14,0.025,1038.0,10.71,612.0,1.13,0.0,0.0,0.0,0.025
15,0.027,1042.0,10.24,619.0,0.98,0.0,0.0,0.0,0.027
16,0.026,1039.0,11.45,617.0,1.12,0.0,0.0,0.0,0.026
17,0.026,1039.0,10.83,612.0,1.24,0.0,0.0,0.0,0.026
18,0.024,1043.0,11.4,610.0,0.71,0.0,0.0,0.0,0.024
19,0.026,1045.0,11.51,610.0,1.28,0.0,0.0,0.0,0.026
20,0.026,1040.0,10.87,611.0,1.2,0.0,0.0,0.0,0.026
21,0.023,1021.0,8.78,614.0,0.79,0.0,0.0,0.0,0.023
22,0.012,985.0,4.63,607.0,0.91,0.0,0.0,0.0,0.012
23,0.023,1035.0,8.98,615.0,1.27,0.0,0.0,0.0,0.023
24,0.025,1040.0,10.51,615.0,1.09,0.0,0.0,0.0,0.025
25,0.026,1045.0,10.35,617.0,1.34,0.0,0.0,0.0,0.026
26,0.026,1041.0,10.45,613.0,1.14,0.0,0.0,0.0,0.026
27,0.026,1038.0,10.78,619.0,0.98,0.0,0.0,0.0,0.026
28,0.026,1040.0,10.67,619.0,0.97,0.0,0.0,0.0,0.026
29,0.026,1037.0,10.87,620.0,1.13,0.0,0.0,0.0,0.026
30,0.027,1040.0,10.57,617.0,0.99,0.0,0.0,0.0,0.027
31,0.026,1040.0,10.49,619.0,0.99,0.0,0.0,0.0,0.026
32,0.024,1036.0,11.72,615.0,0.67,0.0,0.0,0.0,0.024
33,0.026,1047.0,11.37,615.0,1.41,0.0,0.0,0.0,0.026
34,0.026,1042.0,10.44,612.0,1.21,0.0,0.0,0.0,0.026
35,0.025,1039.0,10.39,617.0,1.14,0.0,0.0,0.0,0.025
36,0.026,1036.0,10.34,612.0,1.09,0.0,0.0,0.0,0.026
37,0.024,1039.0,11.82,615.0,0.66,0.0,0.0,0.0,0.024
38,0.017,1004.0,7.07,613.0,0.94,0.0,0.0,0.0,0.017
39,0.016,1004.0,5.14,609.0,1.34,0.0,0.0,0.0,0.016
40,0.023,1037.0,10.9,608.0,0.84,0.0,0.0,0.0,0.023
41,0.038,1039.0,30.5,617.0,1.0,0.0,0.0,0.0,0.038
42,0.027,1046.0,10.51,617.0,1.42,0.0,0.0,0.0,0.027
43,0.025,1039.0,10.32,612.0,1.25,0.0,0.0,0.0,0.025
44,0.026,1040.0,10.81,615.0,1.02,0.0,0.0,0.0,0.026
45,0.026,1041.0,10.35,619.0,1.0,0.0,0.0,0.0,0.026
46,0.032,1047.0,12.48,783.0,1.24,0.0,713.0,0.51,0.032
47,0.026,1037.0,10.87,618.0,1.09,0.0,0.0,0.0,0.026
48,0.027,1039.0,11.69,615.0,1.02,0.0,0.0,0.0,0.027
49,0.028,1041.0,12.57,619.0,0.98,0.0,711.0,0.42,0.028
50,0.024,1037.0,11.89,615.0,0.69,0.0,0.0,0.0,0.024
51,0.026,1041.0,12.51,614.0,0.8,0.0,0.0,0.0,0.026
52,0.025,1041.0,10.68,615.0,1.09,0.0,0.0,0.0,0.025
53,0.026,1038.0,10.44,619.0,0.99,0.0,0.0,0.0,0.026
54,0.023,1032.0,11.48,615.0,0.66,0.0,0.0,0.0,0.023
55,0.017,997.0,6.09,612.0,0.82,0.0,0.0,0.0,0.017
56,0.016,1012.0,7.2,608.0,0.77,0.0,0.0,0.0,0.016
57,0.027,1038.0,11.05,616.0,1.03,0.0,0.0,0.0,0.027
58,0.026,1041.0,10.46,618.0,1.05,0.0,0.0,0.0,0.026
59,0.026,1042.0,10.21,618.0,1.11,0.0,0.0,0.0,0.026
60,0.027,1040.0,10.97,617.0,1.01,0.0,0.0,0.0,0.027
61,0.026,1046.0,11.06,615.0,1.08,0.0,0.0,0.0,0.026
62,0.025,1040.0,10.39,611.0,1.33,0.0,0.0,0.0,0.025
63,0.025,1038.0,10.07,616.0,1.3,0.0,0.0,0.0,0.025
64,0.026,1040.0,10.73,617.0,1.03,0.0,0.0,0.0,0.026
65,0.025,1040.0,10.67,619.0,0.97,0.0,0.0,0.0,0.025
66,0.028,1039.0,10.91,619.0,0.97,0.0,0.0,0.0,0.028
67,0.026,1038.0,10.42,619.0,0.99,0.0,0.0,0.0,0.026
68,0.026,1038.0,10.45,618.0,1.13,0.0,0.0,0.0,0.026
69,0.024,1032.0,11.42,611.0,0.71,0.0,0.0,0.0,0.024
70,0.038,1043.0,30.27,617.0,1.01,0.0,0.0,0.0,0.038
71,0.025,1035.0,9.77,615.0,0.97,0.0,0.0,0.0,0.025
72,0.011,981.0,3.57,608.0,1.09,0.0,0.0,0.0,0.011
73,0.022,1032.0,8.0,612.0,1.14,0.0,0.0,0.0,0.022
74,0.023,1036.0,11.83,614.0,0.62,0.0,0.0,0.0,0.023
75,0.025,1050.0,10.5,610.0,1.14,0.0,0.0,0.0,0.025
76,0.025,1038.0,10.34,612.0,1.16,0.0,0.0,0.0,0.025
77,0.026,1040.0,10.79,619.0,1.01,0.0,0.0,0.0,0.026
78,0.03,1040.0,14.26,619.0,0.98,0.0,0.0,0.0,0.03
79,0.025,1038.0,11.13,617.0,1.09,0.0,0.0,0.0,0.025
80,0.027,1041.0,11.51,611.0,1.23,0.0,578.0,0.02,0.027
81,0.037,1048.0,11.69,743.0,1.31,0.0,720.0,0.2,0.037
82,0.027,1043.0,11.33,616.0,1.49,0.0,0.0,0.0,0.027
83,0.025,1040.0,11.52,611.0,1.28,0.0,0.0,0.0,0.025
84,0.024,1042.0,10.85,612.0,1.02,0.0,0.0,0.0,0.024
85,0.026,1038.0,10.9,614.0,1.1,0.0,0.0,0.0,0.026
86,0.027,1038.0,10.81,617.0,1.39,0.0,0.0,0.0,0.027
87,0.024,1039.0,10.44,613.0,1.17,0.0,0.0,0.0,0.024
88,0.023,1021.0,8.6,612.0,0.97,0.0,0.0,0.0,0.023
89,0.013,992.0,4.06,609.0,1.28,0.0,0.0,0.0,0.013
90,0.023,1034.0,10.29,608.0,0.84,0.0,0.0,0.0,0.023
91,0.023,1040.0,11.31,613.0,0.88,0.0,0.0,0.0,0.023
92,0.027,1041.0,10.65,614.0,1.1,0.0,0.0,0.0,0.027
93,0.025,1039.0,10.75,619.0,0.99,0.0,0.0,0.0,0.025
94,0.026,1041.0,10.43,618.0,1.0,0.0,0.0,0.0,0.026
95,0.026,1045.0,11.11,615.0,0.93,0.0,0.0,0.0,0.026
96,0.024,1037.0,10.68,609.0,1.37,0.0,0.0,0.0,0.024
97,0.025,1041.0,10.58,612.0,1.19,0.0,0.0,0.0,0.025
98,0.025,1039.0,10.65,617.0,1.08,0.0,0.0,0.0,0.025
99,0.033,1046.0,21.48,612.0,1.07,0.0,0.0,0.0,0.033
100,0.032,1042.0,17.64,612.0,1.27,0.0,0.0,0.0,0.032
101,0.025,1048.0,10.1,613.0,1.39,0.0,0.0,0.0,0.025
102,0.025,1038.0,10.2,613.0,1.16,0.0,0.0,0.0,0.025
103,0.025,1035.0,11.52,615.0,0.75,0.0,0.0,0.0,0.025
104,0.03,1057.0,10.87,690.0,1.25,0.0,713.0,0.51,0.03
105,0.026,1042.0,9.93,615.0,1.06,0.0,0.0,0.0,0.026
106,0.012,982.0,4.06,609.0,1.33,0.0,0.0,0.0,0.012
107,0.021,1035.0,8.7,607.0,0.93,0.0,0.0,0.0,0.021
108,0.026,1040.0,10.52,612.0,1.14,0.0,0.0,0.0,0.026
109,0.025,1044.0,10.19,619.0,1.0,0.0,0.0,0.0,0.025
110,0.027,1041.0,11.53,618.0,1.01,0.0,0.0,0.0,0.027
111,0.026,1039.0,10.69,617.0,1.09,0.0,0.0,0.0,0.026
112,0.026,1038.0,11.1,614.0,1.06,0.0,0.0,0.0,0.026
113,0.026,1038.0,10.31,618.0,0.98,0.0,0.0,0.0,0.026
114,0.023,1039.0,11.16,615.0,0.91,0.0,0.0,0.0,0.023
115,0.027,1040.0,11.11,614.0,1.07,0.0,0.0,0.0,0.027
116,0.027,1043.0,11.08,619.0,1.0,0.0,0.0,0.0,0.027
117,0.025,1040.0,10.56,619.0,0.98,0.0,0.0,0.0,0.025
118,0.025,1044.0,10.67,616.0,0.98,0.0,0.0,0.0,0.025
119,0.026,1044.0,10.86,612.0,1.59,0.0,0.0,0.0,0.026
120,0.027,1041.0,10.92,614.0,1.1,0.0,0.0,0.0,0.027
121,0.026,1039.0,10.74,619.0,0.98,0.0,0.0,0.0,0.026
122,0.02,1007.0,7.35,615.0,0.89,0.0,0.0,0.0,0.02
123,0.015,999.0,4.83,611.0,1.09,0.0,0.0,0.0,0.015
124,0.025,1045.0,10.49,615.0,0.9,0.0,0.0,0.0,0.025
125,0.025,1040.0,10.67,611.0,1.15,0.0,0.0,0.0,0.025
126,0.024,1040.0,11.29,614.0,0.56,0.0,0.0,0.0,0.024
127,0.026,1046.0,10.18,615.0,1.27,0.0,0.0,0.0,0.026
128,0.025,1040.0,10.62,615.0,1.09,0.0,0.0,0.0,0.025
129,0.039,1043.0,24.03,617.0,1.43,0.0,0.0,0.0,0.039
130,0.026,1042.0,9.96,611.0,1.46,0.0,0.0,0.0,0.026
131,0.027,1046.0,10.34,614.0,1.09,0.0,0.0,0.0,0.027
132,0.025,1037.0,11.11,618.0,1.16,0.0,0.0,0.0,0.025
133,0.026,1038.0,10.14,614.0,1.42,0.0,0.0,0.0,0.026
134,0.025,1039.0,10.83,613.0,1.32,0.0,0.0,0.0,0.025
135,0.027,1040.0,10.64,617.0,1.04,0.0,0.0,0.0,0.027
136,0.025,1035.0,10.64,618.0,1.01,0.0,0.0,0.0,0.025
137,0.028,1038.0,12.19,619.0,0.99,0.0,0.0,0.0,0.028
138,0.025,1044.0,10.45,617.0,1.32,0.0,0.0,0.0,0.025
139,0.022,1020.0,8.63,609.0,1.06,0.0,0.0,0.0,0.022
140,0.014,988.0,3.95,611.0,1.06,0.0,0.0,0.0,0.014
141,0.025,1044.0,9.35,618.0,1.35,0.0,0.0,0.0,0.025
142,0.025,1037.0,10.6,612.0,1.19,0.0,0.0,0.0,0.025
143,0.025,1045.0,10.17,617.0,1.36,0.0,0.0,0.0,0.025
144,0.025,1040.0,10.7,612.0,1.57,0.0,0.0,0.0,0.025
145,0.027,1039.0,10.43,612.0,1.12,0.0,0.0,0.0,0.027
146,0.026,1036.0,11.0,619.0,0.99,0.0,0.0,0.0,0.026
147,0.024,1035.0,10.7,619.0,0.98,0.0,0.0,0.0,0.024
148,0.026,1044.0,10.24,617.0,1.37,0.0,0.0,0.0,0.026
149,0.028,1040.0,10.74,614.0,1.28,0.0,0.0,0.0,0.028
150,0.026,1040.0,10.58,617.0,1.23,0.0,0.0,0.0,0.026
151,0.025,1042.0,9.87,613.0,1.53,0.0,0.0,0.0,0.025
152,0.025,1040.0,10.51,612.0,1.17,0.0,0.0,0.0,0.025
153,0.023,1035.0,11.1,615.0,0.62,0.0,0.0,0.0,0.023
154,0.027,1042.0,11.15,618.0,0.98,0.0,0.0,0.0,0.027
155,0.025,1044.0,10.8,615.0,0.99,0.0,0.0,0.0,0.025
156,0.014,982.0,4.82,608.0,1.4,0.0,0.0,0.0,0.014
157,0.021,1024.0,6.79,612.0,1.14,0.0,0.0,0.0,0.021
158,0.038,1038.0,30.38,619.0,0.99,0.0,0.0,0.0,0.038
159,0.026,1035.0,10.61,619.0,0.98,0.0,0.0,0.0,0.026
160,0.026,1040.0,10.78,619.0,1.0,0.0,0.0,0.0,0.026
161,0.026,1040.0,10.82,619.0,1.0,0.0,0.0,0.0,0.026
162,0.026,1043.0,10.42,617.0,1.39,0.0,0.0,0.0,0.026
163,0.033,1047.0,10.42,760.0,1.57,0.0,712.0,0.42,0.033
164,0.025,1040.0,11.59,612.0,0.94,0.0,0.0,0.0,0.025
165,0.025,1043.0,10.74,612.0,1.19,0.0,0.0,0.0,0.025
166,0.031,1043.0,14.67,619.0,0.99,0.0,704.0,0.22,0.031
167,0.026,1036.0,10.54,619.0,1.0,0.0,0.0,0.0,0.026
168,0.027,1038.0,10.76,619.0,1.0,0.0,0.0,0.0,0.027
169,0.025,1039.0,10.77,616.0,1.23,0.0,0.0,0.0,0.025
170,0.025,1040.0,10.38,612.0,1.44,0.0,0.0,0.0,0.025
171,0.026,1040.0,10.78,614.0,1.2,0.0,0.0,0.0,0.026
172,0.024,1030.0,8.82,611.0,0.94,0.0,0.0,0.0,0.024
173,0.013,986.0,3.59,610.0,1.31,0.0,0.0,0.0,0.013
174,0.032,1036.0,12.41,615.0,2.29,0.0,711.0,0.42,0.032
175,0.027,1037.0,12.16,614.0,1.16,0.0,705.0,0.22,0.027
176,0.026,1044.0,10.16,617.0,1.4,0.0,0.0,0.0,0.026
177,0.024,1039.0,10.27,611.0,1.23,0.0,0.0,0.0,0.024
178,0.027,1040.0,11.15,615.0,1.04,0.0,0.0,0.0,0.027
179,0.027,1038.0,10.81,620.0,1.13,0.0,0.0,0.0,0.027
180,0.025,1039.0,10.88,617.0,0.98,0.0,0.0,0.0,0.025
181,0.027,1038.0,10.56,619.0,0.96,0.0,0.0,0.0,0.027
182,0.024,1041.0,11.94,614.0,0.94,0.0,0.0,0.0,0.024
183,0.026,1039.0,10.53,612.0,1.19,0.0,0.0,0.0,0.026
184,0.025,1045.0,10.48,617.0,1.42,0.0,0.0,0.0,0.025
185,0.027,1043.0,10.12,613.0,1.12,0.0,0.0,0.0,0.027
186,0.025,1035.0,10.55,618.0,0.99,0.0,0.0,0.0,0.025
187,0.04,1035.0,19.05,618.0,1.33,0.0,0.0,0.0,0.04
188,0.024,1044.0,11.36,610.0,1.05,0.0,0.0,0.0,0.024
189,0.023,1022.0,8.64,608.0,1.23,0.0,0.0,0.0,0.023
190,0.012,984.0,3.4,610.0,1.25,0.0,0.0,0.0,0.012
191,0.024,1036.0,9.39,613.0,1.09,0.0,0.0,0.0,0.024
192,0.025,1039.0,11.3,615.0,0.66,0.0,0.0,0.0,0.025
193,0.026,1041.0,11.07,616.0,1.01,0.0,0.0,0.0,0.026
194,0.024,1036.0,11.13,615.0,0.87,0.0,0.0,0.0,0.024
195,0.027,1039.0,13.05,615.0,1.09,0.0,0.0,0.0,0.027
196,0.027,1043.0,10.73,619.0,0.98,0.0,0.0,0.0,0.027
197,0.027,1046.0,10.54,619.0,0.98,0.0,0.0,0.0,0.027
198,0.024,1037.0,11.51,615.0,0.66,0.0,0.0,0.0,0.024
199,0.027,1045.0,11.17,617.0,1.01,0.0,0.0,0.0,0.027
200,0.025,1042.0,10.39,619.0,1.0,0.0,0.0,0.0,0.025
201,0.026,1041.0,10.42,618.0,1.29,0.0,0.0,0.0,0.026
202,0.025,1041.0,10.39,613.0,1.09,0.0,0.0,0.0,0.025
203,0.026,1041.0,10.39,612.0,1.39,0.0,0.0,0.0,0.026
204,0.026,1046.0,10.21,614.0,1.08,0.0,0.0,0.0,0.026
205,0.026,1040.0,10.7,619.0,0.97,0.0,0.0,0.0,0.026
206,0.018,999.0,6.55,615.0,1.03,0.0,0.0,0.0,0.018
207,0.017,1011.0,5.34,609.0,1.39,0.0,0.0,0.0,0.017
208,0.025,1040.0,10.41,613.0,1.16,0.0,0.0,0.0,0.025
209,0.027,1037.0,10.47,620.0,1.1,0.0,0.0,0.0,0.027
210,0.026,1039.0,10.67,617.0,1.01,0.0,0.0,0.0,0.026
211,0.026,1040.0,10.57,619.0,0.98,0.0,0.0,0.0,0.026
212,0.026,1040.0,10.61,619.0,0.99,0.0,0.0,0.0,0.026
213,0.026,1041.0,11.02,619.0,0.98,0.0,0.0,0.0,0.026
214,0.028,1041.0,12.48,619.0,1.06,0.0,0.0,0.0,0.028
215,0.027,1040.0,10.61,615.0,0.99,0.0,0.0,0.0,0.027
216,0.025,1040.0,10.54,619.0,0.98,0.0,0.0,0.0,0.025
217,0.039,1039.0,30.61,619.0,1.01,0.0,0.0,0.0,0.039
218,0.023,1036.0,11.54,615.0,0.68,0.0,0.0,0.0,0.023
219,0.024,1040.0,11.71,613.0,0.68,0.0,0.0,0.0,0.024
220,0.108,1043.0,92.91,613.0,0.97,0.0,0.0,0.0,0.108
221,0.114,1044.0,100.0,610.0,1.42,0.0,0.0,0.0,0.114
222,0.122,1049.0,100.0,717.0,1.58,0.0,709.0,0.32,0.122
223,0.09,981.0,100.0,608.0,1.29,0.0,0.0,0.0,0.09
224,0.109,1031.0,100.0,609.0,1.38,0.0,0.0,0.0,0.109
225,0.113,1036.0,100.0,612.0,1.34,0.0,0.0,0.0,0.113
226,0.114,1043.0,100.0,610.0,1.26,0.0,0.0,0.0,0.114
227,0.115,1043.0,100.0,609.0,1.41,0.0,0.0,0.0,0.115
228,0.115,1043.0,100.0,611.0,1.4,0.0,0.0,0.0,0.115
229,0.114,1042.0,100.0,609.0,1.22,0.0,0.0,0.0,0.114
230,0.114,1050.0,90.26,612.0,1.17,0.0,0.0,0.0,0.114
231,0.026,1038.0,10.72,618.0,0.99,0.0,0.0,0.0,0.026
232,0.027,1040.0,11.35,619.0,0.97,0.0,0.0,0.0,0.027
233,0.025,1040.0,10.72,617.0,1.15,0.0,0.0,0.0,0.025
234,0.026,1041.0,10.53,615.0,1.09,0.0,0.0,0.0,0.026
235,0.025,1036.0,10.25,617.0,1.39,0.0,0.0,0.0,0.025
236,0.026,1038.0,10.56,613.0,1.1,0.0,0.0,0.0,0.026
237,0.027,1040.0,10.74,619.0,0.96,0.0,0.0,0.0,0.027
238,0.023,1040.0,11.61,614.0,0.57,0.0,0.0,0.0,0.023
239,0.024,1027.0,9.0,613.0,1.09,0.0,0.0,0.0,0.024
240,0.012,986.0,3.19,609.0,1.38,0.0,0.0,0.0,0.012
241,0.023,1034.0,8.86,612.0,1.15,0.0,0.0,0.0,0.023
242,0.027,1036.0,10.77,618.0,1.18,0.0,0.0,0.0,0.027
243,0.028,1040.0,12.05,617.0,1.05,0.0,0.0,0.0,0.028
244,0.024,1035.0,11.35,615.0,0.79,0.0,0.0,0.0,0.024
245,0.026,1042.0,10.35,615.0,1.07,0.0,0.0,0.0,0.026
246,0.046,1034.0,19.12,619.0,0.99,0.0,0.0,0.0,0.046
247,0.033,1038.0,11.46,792.0,1.16,0.0,713.0,0.51,0.033
248,0.026,1038.0,10.67,618.0,1.01,0.0,0.0,0.0,0.026
249,0.027,1040.0,11.4,618.0,1.05,0.0,0.0,0.0,0.027
250,0.026,1040.0,10.45,617.0,1.01,0.0,0.0,0.0,0.026
251,0.026,1040.0,11.05,619.0,0.99,0.0,0.0,0.0,0.026
252,0.025,1037.0,11.82,615.0,0.66,0.0,0.0,0.0,0.025
253,0.025,1045.0,10.16,617.0,1.01,0.0,0.0,0.0,0.025
254,0.026,1042.0,12.7,615.0,0.89,0.0,0.0,0.0,0.026
255,0.025,1040.0,10.9,614.0,1.1,0.0,0.0,0.0,0.025
256,0.022,1012.0,8.28,615.0,0.93,0.0,0.0,0.0,0.022
257,0.013,994.0,4.4,612.0,1.15,0.0,0.0,0.0,0.013
258,0.026,1036.0,10.44,619.0,0.99,0.0,0.0,0.0,0.026
259,0.026,1041.0,10.12,618.0,1.01,0.0,0.0,0.0,0.026
260,0.024,1040.0,11.33,615.0,0.69,0.0,0.0,0.0,0.024
261,0.025,1038.0,12.06,613.0,0.68,0.0,0.0,0.0,0.025
262,0.026,1042.0,10.59,616.0,1.4,0.0,0.0,0.0,0.026
263,0.025,1038.0,10.67,613.0,1.4,0.0,0.0,0.0,0.025
264,0.025,1043.0,10.56,614.0,1.11,0.0,0.0,0.0,0.025
265,0.026,1038.0,10.87,618.0,1.17,0.0,0.0,0.0,0.026
266,0.027,1040.0,10.46,614.0,1.04,0.0,0.0,0.0,0.027
267,0.024,1041.0,11.33,615.0,0.89,0.0,0.0,0.0,0.024
268,0.026,1045.0,11.17,612.0,1.16,0.0,0.0,0.0,0.026
269,0.056,1082.0,18.53,672.0,1.5,0.0,709.0,0.32,0.056
270,0.026,1040.0,10.68,621.0,1.07,0.0,0.0,0.0,0.026
271,0.027,1037.0,11.04,617.0,1.3,0.0,0.0,0.0,0.027
272,0.023,1043.0,11.74,609.0,0.63,0.0,0.0,0.0,0.023
273,0.022,1025.0,8.16,613.0,1.05,0.0,0.0,0.0,0.022
274,0.013,991.0,3.94,611.0,1.07,0.0,0.0,0.0,0.013
275,0.04,1041.0,30.42,619.0,1.0,0.0,0.0,0.0,0.04
276,0.024,1036.0,11.58,615.0,0.78,0.0,0.0,0.0,0.024
277,0.026,1040.0,11.01,615.0,1.08,0.0,0.0,0.0,0.026
278,0.026,1040.0,10.46,618.0,0.97,0.0,0.0,0.0,0.026
279,0.026,1041.0,10.64,619.0,1.08,0.0,0.0,0.0,0.026
280,0.032,1061.0,12.16,772.0,1.29,0.0,713.0,0.51,0.032
281,0.026,1040.0,10.92,618.0,1.02,0.0,0.0,0.0,0.026
282,0.025,1036.0,12.61,615.0,0.67,0.0,0.0,0.0,0.025
283,0.026,1045.0,10.35,617.0,1.03,0.0,0.0,0.0,0.026
284,0.024,1040.0,10.73,616.0,1.25,0.0,0.0,0.0,0.024
285,0.026,1047.0,10.61,610.0,1.45,0.0,0.0,0.0,0.026
286,0.026,1040.0,10.3,613.0,1.24,0.0,0.0,0.0,0.026
287,0.026,1040.0,10.64,617.0,1.01,0.0,0.0,0.0,0.026
288,0.026,1039.0,11.32,619.0,0.99,0.0,0.0,0.0,0.026
289,0.024,1038.0,10.42,616.0,1.22,0.0,0.0,0.0,0.024
290,0.018,998.0,7.1,609.0,1.17,0.0,0.0,0.0,0.018
291,0.017,1008.0,5.56,612.0,1.18,0.0,0.0,0.0,0.017
292,0.025,1041.0,10.05,616.0,1.04,0.0,0.0,0.0,0.025
293,0.026,1036.0,10.4,618.0,1.01,0.0,0.0,0.0,0.026
294,0.026,1038.0,10.53,618.0,0.98,0.0,0.0,0.0,0.026
295,0.027,1039.0,11.0,619.0,0.99,0.0,0.0,0.0,0.027
296,0.025,1042.0,10.53,618.0,1.05,0.0,0.0,0.0,0.025
297,0.026,1039.0,10.56,616.0,1.38,0.0,0.0,0.0,0.026
298,0.024,1041.0,11.89,609.0,0.76,0.0,0.0,0.0,0.024
299,0.029,1048.0,10.7,617.0,1.57,0.0,0.0,0.0,0.029
300,0.031,1043.0,12.24,739.0,1.73,0.0,713.0,0.51,0.031
301,0.028,1042.0,10.62,615.0,1.12,0.0,0.0,0.0,0.028
302,0.026,1038.0,11.18,618.0,1.36,0.0,0.0,0.0,0.026
303,0.025,1037.0,10.25,613.0,1.48,0.0,0.0,0.0,0.025
304,0.035,1043.0,23.83,610.0,1.14,0.0,0.0,0.0,0.035
305,0.028,1043.0,14.95,610.0,1.6,0.0,0.0,0.0,0.028
306,0.024,1040.0,10.7,610.0,1.18,0.0,0.0,0.0,0.024
307,0.015,987.0,4.93,609.0,1.1,0.0,0.0,0.0,0.015
308,0.02,1022.0,7.09,612.0,1.13,0.0,0.0,0.0,0.02
309,0.027,1037.0,10.4,618.0,1.28,0.0,0.0,0.0,0.027
310,0.026,1040.0,11.5,615.0,1.1,0.0,0.0,0.0,0.026
311,0.024,1038.0,11.62,614.0,0.61,0.0,0.0,0.0,0.024
312,0.028,1045.0,12.61,616.0,1.04,0.0,0.0,0.0,0.028
313,0.025,1038.0,10.43,619.0,0.99,0.0,0.0,0.0,0.025
314,0.027,1041.0,10.74,619.0,0.98,0.0,0.0,0.0,0.027
315,0.027,1056.0,14.61,615.0,0.65,0.0,0.0,0.0,0.027
316,0.025,1039.0,10.4,617.0,1.13,0.0,0.0,0.0,0.025
317,0.025,1044.0,9.95,613.0,1.46,0.0,0.0,0.0,0.025
318,0.026,1038.0,10.49,613.0,1.11,0.0,0.0,0.0,0.026
319,0.027,1043.0,10.41,619.0,0.97,0.0,0.0,0.0,0.027
320,0.026,1040.0,11.26,619.0,1.0,0.0,0.0,0.0,0.026
321,0.024,1037.0,11.46,615.0,0.69,0.0,0.0,0.0,0.024
322,0.026,1045.0,10.47,615.0,1.05,0.0,0.0,0.0,0.026
323,0.022,1019.0,8.0,614.0,0.88,0.0,0.0,0.0,0.022
324,0.013,990.0,3.55,611.0,1.47,0.0,0.0,0.0,0.013
325,0.023,1034.0,11.18,610.0,0.75,0.0,0.0,0.0,0.023
326,0.026,1041.0,10.59,617.0,1.11,0.0,0.0,0.0,0.026
327,0.026,1042.0,10.39,615.0,1.03,0.0,0.0,0.0,0.026
328,0.023,1037.0,11.56,615.0,0.65,0.0,0.0,0.0,0.023
329,0.028,1042.0,10.64,618.0,1.24,0.0,0.0,0.0,0.028
330,0.026,1040.0,10.67,618.0,1.07,0.0,0.0,0.0,0.026
331,0.024,1039.0,11.41,615.0,0.67,0.0,0.0,0.0,0.024
332,0.026,1042.0,11.37,617.0,0.99,0.0,0.0,0.0,0.026
333,0.026,1038.0,10.21,618.0,1.32,0.0,0.0,0.0,0.026
334,0.038,1040.0,30.55,614.0,1.08,0.0,0.0,0.0,0.038
335,0.026,1040.0,10.52,618.0,1.34,0.0,0.0,0.0,0.026
336,0.026,1039.0,10.26,614.0,1.1,0.0,0.0,0.0,0.026
337,0.024,1037.0,11.51,615.0,0.75,0.0,0.0,0.0,0.024
338,0.024,1037.0,11.5,611.0,0.75,0.0,0.0,0.0,0.024
339,0.033,1046.0,12.01,767.0,1.39,0.0,713.0,0.52,0.033
340,0.017,993.0,5.92,614.0,1.04,0.0,0.0,0.0,0.017
341,0.018,1015.0,5.89,611.0,1.47,0.0,0.0,0.0,0.018
342,0.026,1046.0,9.75,613.0,1.51,0.0,0.0,0.0,0.026
343,0.026,1040.0,10.39,612.0,1.19,0.0,0.0,0.0,0.026
344,0.026,1041.0,10.54,616.0,1.04,0.0,0.0,0.0,0.026
345,0.026,1037.0,10.46,619.0,1.09,0.0,0.0,0.0,0.026
346,0.026,1040.0,11.29,615.0,1.02,0.0,0.0,0.0,0.026
347,0.026,1040.0,10.69,618.0,1.24,0.0,0.0,0.0,0.026
348,0.026,1038.0,11.19,614.0,1.11,0.0,0.0,0.0,0.026
349,0.027,1043.0,10.54,618.0,0.99,0.0,0.0,0.0,0.027
350,0.026,1039.0,10.6,618.0,1.28,0.0,0.0,0.0,0.026
351,0.025,1040.0,10.55,615.0,1.09,0.0,0.0,0.0,0.025
352,0.025,1039.0,10.41,617.0,1.01,0.0,0.0,0.0,0.025
353,0.027,1040.0,11.4,613.0,1.13,0.0,0.0,0.0,0.027
354,0.069,1078.0,15.77,760.0,6.0,0.0,709.0,0.32,0.069
355,0.026,1040.0,10.52,615.0,1.35,0.0,0.0,0.0,0.026
356,0.022,1020.0,8.36,611.0,0.93,0.0,0.0,0.0,0.022
357,0.013,991.0,3.91,612.0,1.06,0.0,0.0,0.0,0.013
358,0.025,1039.0,9.47,619.0,1.02,0.0,0.0,0.0,0.025
359,0.029,1038.0,12.05,616.0,1.36,0.0,0.0,0.0,0.029
360,0.026,1043.0,10.88,614.0,1.0,0.0,0.0,0.0,0.026
361,0.025,1039.0,10.76,611.0,1.17,0.0,0.0,0.0,0.025
362,0.026,1040.0,10.86,619.0,0.99,0.0,0.0,0.0,0.026
363,0.038,1039.0,29.94,619.0,0.99,0.0,0.0,0.0,0.038
364,0.024,1039.0,12.18,615.0,0.67,0.0,0.0,0.0,0.024
365,0.027,1041.0,11.59,617.0,0.98,0.0,0.0,0.0,0.027
366,0.025,1042.0,10.25,616.0,1.25,0.0,0.0,0.0,0.025
367,0.026,1040.0,10.28,612.0,1.43,0.0,0.0,0.0,0.026
368,0.025,1039.0,10.85,615.0,1.1,0.0,0.0,0.0,0.025
369,0.027,1038.0,11.8,619.0,0.98,0.0,0.0,0.0,0.027
370,0.026,1041.0,10.56,619.0,1.0,0.0,0.0,0.0,0.026
371,0.029,1039.0,12.56,619.0,1.03,0.0,0.0,0.0,0.029
372,0.025,1040.0,10.74,618.0,0.99,0.0,0.0,0.0,0.025
373,0.015,987.0,6.01,615.0,1.01,0.0,0.0,0.0,0.015
374,0.021,1020.0,6.64,612.0,1.15,0.0,0.0,0.0,0.021
375,0.027,1038.0,11.98,619.0,0.99,0.0,0.0,0.0,0.027
376,0.025,1042.0,10.57,617.0,1.02,0.0,0.0,0.0,0.025
377,0.026,1042.0,10.55,613.0,1.08,0.0,0.0,0.0,0.026
378,0.026,1040.0,10.74,618.0,1.19,0.0,0.0,0.0,0.026
379,0.026,1035.0,10.53,614.0,1.34,0.0,0.0,0.0,0.026
380,0.024,1040.0,10.47,615.0,1.1,0.0,0.0,0.0,0.024
381,0.027,1038.0,11.19,619.0,0.97,0.0,0.0,0.0,0.027
382,0.026,1038.0,10.53,618.0,1.0,0.0,0.0,0.0,0.026
383,0.026,1040.0,11.01,618.0,0.99,0.0,0.0,0.0,0.026
384,0.026,1041.0,10.78,619.0,0.98,0.0,0.0,0.0,0.026
385,0.027,1040.0,11.8,619.0,0.98,0.0,0.0,0.0,0.027
386,0.026,1047.0,10.1,617.0,1.35,0.0,0.0,0.0,0.026
387,0.025,1042.0,10.82,614.0,1.17,0.0,0.0,0.0,0.025
388,0.027,1040.0,11.04,619.0,0.98,0.0,0.0,0.0,0.027
389,0.016,989.0,5.87,615.0,1.02,0.0,0.0,0.0,0.016
390,0.02,1017.0,6.26,612.0,1.17,0.0,0.0,0.0,0.02
391,0.025,1038.0,10.09,617.0,1.33,0.0,0.0,0.0,0.025
392,0.033,1041.0,22.59,611.0,1.22,0.0,0.0,0.0,0.033
393,0.03,1043.0,15.81,611.0,1.4,0.0,0.0,0.0,0.03
394,0.025,1041.0,10.8,615.0,1.1,0.0,0.0,0.0,0.025
395,0.026,1039.0,10.26,618.0,1.29,0.0,0.0,0.0,0.026
396,0.025,1044.0,10.2,612.0,1.45,0.0,0.0,0.0,0.025
397,0.032,1047.0,12.99,768.0,1.13,0.0,713.0,0.51,0.032
398,0.029,1041.0,11.87,616.0,1.17,0.0,0.0,0.0,0.029
399,0.026,1039.0,11.02,618.0,1.0,0.0,0.0,0.0,0.026
400,0.024,1036.0,11.71,615.0,0.67,0.0,0.0,0.0,0.024
401,0.026,1042.0,10.44,617.0,1.0,0.0,0.0,0.0,0.026
402,0.026,1039.0,10.48,618.0,1.33,0.0,0.0,0.0,0.026
403,0.025,1042.0,10.73,612.0,1.13,0.0,0.0,0.0,0.025
404,0.025,1038.0,10.21,612.0,1.44,0.0,0.0,0.0,0.025
405,0.024,1032.0,9.61,610.0,1.09,0.0,0.0,0.0,0.024
406,0.011,978.0,2.76,610.0,1.16,0.0,0.0,0.0,0.011
407,0.024,1041.0,8.47,613.0,1.45,0.0,0.0,0.0,0.024
408,0.026,1038.0,10.47,612.0,1.11,0.0,0.0,0.0,0.026
409,0.026,1035.0,10.81,619.0,0.99,0.0,0.0,0.0,0.026
410,0.026,1040.0,10.32,619.0,1.0,0.0,0.0,0.0,0.026
411,0.026,1040.0,10.83,619.0,0.99,0.0,0.0,0.0,0.026
412,0.027,1038.0,10.38,618.0,1.3,0.0,0.0,0.0,0.027
413,0.025,1038.0,10.77,614.0,1.1,0.0,0.0,0.0,0.025
414,0.026,1040.0,10.4,619.0,0.97,0.0,0.0,0.0,0.026
415,0.025,1038.0,10.85,618.0,1.2,0.0,0.0,0.0,0.025
416,0.026,1041.0,10.39,615.0,1.11,0.0,0.0,0.0,0.026
417,0.025,1038.0,10.44,615.0,1.24,0.0,0.0,0.0,0.025
418,0.025,1036.0,10.58,613.0,1.24,0.0,0.0,0.0,0.025
419,0.025,1037.0,11.26,613.0,0.93,0.0,0.0,0.0,0.025
420,0.025,1040.0,12.01,614.0,0.96,0.0,0.0,0.0,0.025
421,0.025,1037.0,10.38,612.0,1.15,0.0,0.0,0.0,0.025
422,0.03,998.0,26.54,615.0,0.9,0.0,0.0,0.0,0.03
423,0.017,1011.0,5.66,612.0,1.15,0.0,0.0,0.0,0.017
424,0.024,1036.0,11.51,615.0,0.67,0.0,0.0,0.0,0.024
425,0.026,1041.0,10.93,617.0,1.02,0.0,0.0,0.0,0.026
426,0.025,1038.0,10.34,618.0,0.99,0.0,0.0,0.0,0.025
427,0.027,1039.0,11.15,618.0,0.97,0.0,0.0,0.0,0.027
428,0.026,1038.0,10.79,619.0,1.0,0.0,0.0,0.0,0.026
429,0.027,1047.0,11.37,615.0,1.13,0.0,0.0,0.0,0.027
430,0.026,1043.0,10.27,611.0,1.17,0.0,0.0,0.0,0.026
431,0.025,1043.0,10.98,617.0,1.41,0.0,0.0,0.0,0.025
432,0.027,1041.0,10.92,613.0,1.14,0.0,0.0,0.0,0.027
433,0.025,1044.0,10.25,617.0,1.37,0.0,0.0,0.0,0.025
434,0.025,1040.0,10.07,612.0,1.41,0.0,0.0,0.0,0.025
435,0.026,1038.0,11.03,614.0,1.49,0.0,0.0,0.0,0.026
436,0.024,1042.0,10.62,610.0,1.2,0.0,0.0,0.0,0.024
437,0.026,1039.0,10.98,611.0,1.16,0.0,0.0,0.0,0.026
438,0.026,1040.0,10.22,617.0,1.41,0.0,0.0,0.0,0.026
439,0.014,989.0,4.76,607.0,1.07,0.0,0.0,0.0,0.014
440,0.02,1023.0,6.26,611.0,1.49,0.0,0.0,0.0,0.02
441,0.025,1037.0,10.49,614.0,1.11,0.0,0.0,0.0,0.025
442,0.026,1038.0,10.8,618.0,0.95,0.0,0.0,0.0,0.026
443,0.024,1036.0,11.12,616.0,0.68,0.0,0.0,0.0,0.024
444,0.026,1042.0,10.28,614.0,1.32,0.0,0.0,0.0,0.026
445,0.025,1042.0,9.84,613.0,1.48,0.0,0.0,0.0,0.025
446,0.025,1044.0,10.17,612.0,1.53,0.0,0.0,0.0,0.025
447,0.026,1036.0,10.9,612.0,1.09,0.0,0.0,0.0,0.026
448,0.026,1040.0,11.23,619.0,0.97,0.0,0.0,0.0,0.026
449,0.027,1044.0,10.36,618.0,1.6,0.0,0.0,0.0,0.027
450,0.025,1045.0,9.89,613.0,1.56,0.0,0.0,0.0,0.025
451,0.037,1036.0,30.18,613.0,1.13,0.0,0.0,0.0,0.037
452,0.027,1041.0,10.97,618.0,0.98,0.0,0.0,0.0,0.027
453,0.027,1042.0,10.21,619.0,0.99,0.0,0.0,0.0,0.027
454,0.025,1042.0,9.98,617.0,1.36,0.0,0.0,0.0,0.025
455,0.024,1042.0,9.77,609.0,1.31,0.0,0.0,0.0,0.024
456,0.021,990.0,5.64,782.0,1.62,0.0,713.0,0.51,0.021
457,0.022,1031.0,7.67,614.0,1.2,0.0,0.0,0.0,0.022
458,0.026,1041.0,10.43,618.0,1.0,0.0,0.0,0.0,0.026
459,0.025,1039.0,10.71,617.0,1.1,0.0,0.0,0.0,0.025
460,0.024,1036.0,11.32,612.0,0.78,0.0,0.0,0.0,0.024
461,0.027,1040.0,11.28,617.0,0.99,0.0,0.0,0.0,0.027
462,0.024,1041.0,11.58,615.0,0.71,0.0,0.0,0.0,0.024
463,0.024,1041.0,11.4,611.0,1.0,0.0,0.0,0.0,0.024
464,0.025,1036.0,12.27,607.0,0.85,0.0,0.0,0.0,0.025
465,0.025,1042.0,10.63,618.0,0.98,0.0,0.0,0.0,0.025
466,0.026,1037.0,10.53,618.0,1.38,0.0,0.0,0.0,0.026
467,0.025,1040.0,10.92,614.0,1.1,0.0,0.0,0.0,0.025
468,0.026,1040.0,10.49,618.0,1.13,0.0,0.0,0.0,0.026
469,0.026,1038.0,10.19,614.0,1.07,0.0,0.0,0.0,0.026
470,0.024,1039.0,11.1,615.0,0.9,0.0,0.0,0.0,0.024
471,0.025,1042.0,10.89,613.0,1.19,0.0,0.0,0.0,0.025
472,0.025,1035.0,9.54,612.0,1.04,0.0,0.0,0.0,0.025
473,0.011,981.0,3.61,608.0,1.09,0.0,0.0,0.0,0.011
474,0.022,1032.0,8.13,612.0,1.13,0.0,0.0,0.0,0.022
475,0.026,1038.0,10.3,619.0,0.97,0.0,0.0,0.0,0.026
476,0.026,1043.0,11.02,615.0,1.03,0.0,0.0,0.0,0.026
477,0.024,1038.0,10.46,611.0,1.17,0.0,0.0,0.0,0.024
478,0.025,1038.0,10.17,617.0,1.38,0.0,0.0,0.0,0.025
479,0.027,1039.0,10.4,614.0,1.23,0.0,0.0,0.0,0.027
480,0.039,1041.0,29.76,617.0,1.04,0.0,0.0,0.0,0.039
481,0.027,1037.0,10.98,618.0,1.09,0.0,0.0,0.0,0.027
482,0.025,1038.0,10.54,615.0,1.02,0.0,0.0,0.0,0.025
483,0.025,1038.0,11.5,615.0,0.7,0.0,0.0,0.0,0.025
484,0.025,1040.0,10.41,615.0,1.02,0.0,0.0,0.0,0.025
485,0.026,1042.0,10.24,617.0,1.43,0.0,0.0,0.0,0.026
486,0.026,1039.0,11.26,612.0,1.17,0.0,0.0,0.0,0.026
487,0.026,1038.0,10.52,619.0,0.98,0.0,0.0,0.0,0.026
488,0.028,1038.0,12.09,619.0,1.0,0.0,0.0,0.0,0.028
489,0.022,1019.0,8.25,615.0,1.0,0.0,0.0,0.0,0.022
490,0.015,993.0,4.41,609.0,1.35,0.0,0.0,0.0,0.015
491,0.023,1034.0,8.98,611.0,1.16,0.0,0.0,0.0,0.023
492,0.026,1036.0,10.47,619.0,0.98,0.0,0.0,0.0,0.026
493,0.025,1043.0,10.02,617.0,1.4,0.0,0.0,0.0,0.025
494,0.025,1040.0,9.85,611.0,1.41,0.0,0.0,0.0,0.025
495,0.024,1036.0,11.79,611.0,0.77,0.0,0.0,0.0,0.024
496,0.026,1042.0,10.84,617.0,1.01,0.0,0.0,0.0,0.026
497,0.025,1041.0,10.35,617.0,1.36,0.0,0.0,0.0,0.025
498,0.026,1043.0,11.28,612.0,1.2,0.0,0.0,0.0,0.026
499,0.026,1039.0,10.29,618.0,1.29,0.0,0.0,0.0,0.026
500,0.026,1040.0,11.0,615.0,1.12,0.0,0.0,0.0,0.026
501,0.027,1039.0,10.69,618.0,1.09,0.0,0.0,0.0,0.027
502,0.024,1039.0,10.48,613.0,1.23,0.0,0.0,0.0,0.024
503,0.026,1040.0,10.29,613.0,1.1,0.0,0.0,0.0,0.026
504,0.025,1040.0,10.33,618.0,1.18,0.0,0.0,0.0,0.025
505,0.023,1040.0,12.04,609.0,0.56,0.0,0.0,0.0,0.023
506,0.017,1003.0,6.61,610.0,1.07,0.0,0.0,0.0,0.017
507,0.017,1008.0,5.06,611.0,1.42,0.0,0.0,0.0,0.017
508,0.025,1039.0,10.45,615.0,1.11,0.0,0.0,0.0,0.025
509,0.028,1039.0,10.89,619.0,1.04,0.0,0.0,0.0,0.028
510,0.036,1039.0,25.59,614.0,0.68,0.0,0.0,0.0,0.036
511,0.026,1039.0,10.57,617.0,1.08,0.0,0.0,0.0,0.026
512,0.026,1040.0,10.29,617.0,1.01,0.0,0.0,0.0,0.026
513,0.026,1042.0,10.62,619.0,1.01,0.0,0.0,0.0,0.026
514,0.032,1052.0,12.34,780.0,1.65,0.0,713.0,0.52,0.032
515,0.029,1039.0,13.34,613.0,1.25,0.0,0.0,0.0,0.029
516,0.025,1040.0,10.95,618.0,1.3,0.0,0.0,0.0,0.025
517,0.027,1039.0,10.62,614.0,1.1,0.0,0.0,0.0,0.027
518,0.023,1038.0,11.14,615.0,0.91,0.0,0.0,0.0,0.023
519,0.026,1039.0,10.35,613.0,1.09,0.0,0.0,0.0,0.026
520,0.026,1038.0,10.68,619.0,1.0,0.0,0.0,0.0,0.026
521,0.024,1034.0,11.39,615.0,0.81,0.0,0.0,0.0,0.024
522,0.024,1033.0,9.83,612.0,1.15,0.0,0.0,0.0,0.024
523,0.011,980.0,3.2,608.0,1.06,0.0,0.0,0.0,0.011
524,0.022,1035.0,8.27,612.0,1.15,0.0,0.0,0.0,0.022
525,0.027,1040.0,11.09,618.0,1.02,0.0,0.0,0.0,0.027
526,0.025,1043.0,10.22,616.0,1.37,0.0,0.0,0.0,0.025
527,0.025,1040.0,11.14,613.0,1.15,0.0,0.0,0.0,0.025
528,0.026,1038.0,10.32,618.0,1.02,0.0,0.0,0.0,0.026
529,0.026,1040.0,10.66,618.0,0.98,0.0,0.0,0.0,0.026
530,0.025,1038.0,11.87,614.0,0.63,0.0,0.0,0.0,0.025
531,0.025,1041.0,11.5,613.0,1.13,0.0,0.0,0.0,0.025
532,0.025,1035.0,10.59,615.0,1.06,0.0,0.0,0.0,0.025
533,0.026,1036.0,10.21,617.0,0.99,0.0,0.0,0.0,0.026
534,0.025,1039.0,11.3,615.0,0.66,0.0,0.0,0.0,0.025
535,0.023,1040.0,11.75,614.0,0.69,0.0,0.0,0.0,0.023
536,0.026,1042.0,10.48,616.0,1.36,0.0,0.0,0.0,0.026
537,0.027,1039.0,10.62,614.0,1.11,0.0,0.0,0.0,0.027
538,0.025,1038.0,10.21,618.0,1.1,0.0,0.0,0.0,0.025
539,0.035,1014.0,27.91,612.0,1.07,0.0,0.0,0.0,0.035
540,0.013,991.0,4.29,611.0,1.07,0.0,0.0,0.0,0.013
541,0.026,1039.0,9.59,620.0,0.96,0.0,0.0,0.0,0.026
542,0.025,1044.0,10.44,615.0,1.03,0.0,0.0,0.0,0.025
543,0.025,1039.0,10.42,612.0,1.16,0.0,0.0,0.0,0.025
544,0.025,1045.0,10.73,617.0,1.42,0.0,0.0,0.0,0.025
545,0.023,1040.0,11.7,608.0,0.74,0.0,0.0,0.0,0.023
546,0.026,1042.0,10.58,613.0,1.09,0.0,0.0,0.0,0.026
547,0.029,1043.0,12.61,619.0,0.98,0.0,0.0,0.0,0.029
548,0.025,1035.0,11.25,619.0,1.04,0.0,0.0,0.0,0.025
549,0.024,1041.0,11.99,612.0,0.5,0.0,0.0,0.0,0.024
550,0.027,1048.0,10.95,616.0,1.02,0.0,0.0,0.0,0.027
551,0.026,1040.0,10.56,619.0,1.0,0.0,0.0,0.0,0.026
552,0.026,1038.0,10.4,619.0,0.98,0.0,0.0,0.0,0.026
553,0.025,1038.0,10.67,618.0,1.0,0.0,0.0,0.0,0.025
554,0.024,1037.0,11.96,615.0,0.66,0.0,0.0,0.0,0.024
555,0.026,1042.0,10.57,617.0,1.07,0.0,0.0,0.0,0.026
556,0.015,986.0,5.11,612.0,0.93,0.0,0.0,0.0,0.015
557,0.02,1023.0,6.57,612.0,1.15,0.0,0.0,0.0,0.02
558,0.025,1038.0,10.67,616.0,1.16,0.0,0.0,0.0,0.025
559,0.026,1043.0,10.5,612.0,1.18,0.0,0.0,0.0,0.026
560,0.024,1039.0,11.65,614.0,0.64,0.0,0.0,0.0,0.024
561,0.025,1046.0,10.48,613.0,1.09,0.0,0.0,0.0,0.025
562,0.026,1042.0,10.57,618.0,0.95,0.0,0.0,0.0,0.026
563,0.025,1039.0,10.62,619.0,0.99,0.0,0.0,0.0,0.025
564,0.028,1038.0,10.67,618.0,1.01,0.0,0.0,0.0,0.028
565,0.026,1036.0,10.69,619.0,1.0,0.0,0.0,0.0,0.026
566,0.026,1040.0,10.76,619.0,0.98,0.0,0.0,0.0,0.026
567,0.025,1043.0,10.36,619.0,0.99,0.0,0.0,0.0,0.025
568,0.042,1042.0,24.38,618.0,1.0,0.0,0.0,0.0,0.042
569,0.028,1041.0,10.9,620.0,1.11,0.0,0.0,0.0,0.028
570,0.024,1040.0,10.25,615.0,1.35,0.0,0.0,0.0,0.024
571,0.026,1039.0,10.4,611.0,1.36,0.0,0.0,0.0,0.026
572,0.022,1022.0,8.53,612.0,1.28,0.0,0.0,0.0,0.022
573,0.022,995.0,5.28,771.0,1.5,0.0,713.0,0.52,0.022
574,0.024,1039.0,10.03,612.0,0.97,0.0,0.0,0.0,0.024
575,0.026,1040.0,10.91,611.0,1.14,0.0,0.0,0.0,0.026
576,0.094,1200.0,22.7,616.0,1.01,0.0,0.0,0.0,0.094
577,0.026,1035.0,10.78,619.0,1.01,0.0,0.0,0.0,0.026
578,0.026,1038.0,10.8,617.0,1.33,0.0,0.0,0.0,0.026
579,0.026,1039.0,10.87,614.0,1.11,0.0,0.0,0.0,0.026
580,0.026,1043.0,10.45,619.0,1.01,0.0,0.0,0.0,0.026
581,0.025,1035.0,12.12,615.0,0.93,0.0,0.0,0.0,0.025
582,0.024,1038.0,10.5,611.0,1.15,0.0,0.0,0.0,0.024
583,0.027,1044.0,10.75,616.0,1.19,0.0,0.0,0.0,0.027
584,0.025,1038.0,10.43,612.0,1.19,0.0,0.0,0.0,0.025
585,0.026,1038.0,10.47,618.0,1.0,0.0,0.0,0.0,0.026
586,0.023,1042.0,11.55,614.0,0.75,0.0,0.0,0.0,0.023
587,0.025,1041.0,10.13,612.0,1.16,0.0,0.0,0.0,0.025
588,0.027,1041.0,10.58,619.0,0.99,0.0,0.0,0.0,0.027
589,0.022,1017.0,8.39,615.0,0.91,0.0,0.0,0.0,0.022
590,0.041,1067.0,20.67,673.0,1.73,0.0,0.0,0.0,0.041
591,0.024,1043.0,9.83,616.0,1.09,0.0,0.0,0.0,0.024
592,0.025,1037.0,10.43,611.0,1.15,0.0,0.0,0.0,0.025
593,0.027,1042.0,10.6,619.0,0.99,0.0,0.0,0.0,0.027
594,0.026,1043.0,10.27,619.0,0.98,0.0,0.0,0.0,0.026
595,0.025,1039.0,10.61,618.0,1.01,0.0,0.0,0.0,0.025
596,0.025,1044.0,10.23,613.0,1.27,0.0,0.0,0.0,0.025
597,0.041,1042.0,31.74,612.0,1.17,0.0,0.0,0.0,0.041
598,0.027,1040.0,11.12,619.0,0.99,0.0,0.0,0.0,0.027
599,0.026,1035.0,10.4,619.0,1.47,0.0,0.0,0.0,0.026
600,0.026,1040.0,10.5,613.0,1.15,0.0,0.0,0.0,0.026
601,0.026,1039.0,10.7,618.0,1.02,0.0,0.0,0.0,0.026
602,0.026,1040.0,10.73,618.0,0.98,0.0,0.0,0.0,0.026
603,0.026,1041.0,11.12,617.0,1.04,0.0,0.0,0.0,0.026
604,0.031,1054.0,17.91,611.0,1.32,0.0,0.0,0.0,0.031
605,0.029,1039.0,12.11,611.0,1.46,0.0,0.0,0.0,0.029
606,0.013,984.0,4.85,611.0,1.23,0.0,0.0,0.0,0.013
607,0.022,1025.0,7.55,611.0,1.16,0.0,0.0,0.0,0.022
608,0.023,1033.0,11.41,615.0,0.65,0.0,0.0,0.0,0.023
609,0.026,1041.0,10.44,617.0,1.0,0.0,0.0,0.0,0.026
610,0.026,1039.0,10.72,619.0,1.03,0.0,0.0,0.0,0.026
611,0.025,1041.0,10.41,618.0,0.98,0.0,0.0,0.0,0.025
612,0.026,1040.0,10.51,618.0,0.99,0.0,0.0,0.0,0.026
613,0.025,1037.0,12.15,615.0,0.65,0.0,0.0,0.0,0.025
614,0.026,1042.0,11.16,617.0,1.01,0.0,702.0,0.22,0.026
615,0.026,1040.0,10.46,618.0,1.17,0.0,0.0,0.0,0.026
616,0.025,1038.0,10.56,614.0,1.02,0.0,0.0,0.0,0.025
617,0.027,1046.0,10.26,617.0,1.42,0.0,0.0,0.0,0.027
618,0.025,1040.0,10.64,613.0,1.12,0.0,0.0,0.0,0.025
619,0.026,1039.0,10.53,619.0,0.98,0.0,0.0,0.0,0.026
620,0.026,1040.0,10.57,618.0,1.03,0.0,0.0,0.0,0.026
621,0.025,1040.0,10.45,617.0,0.99,0.0,0.0,0.0,0.025
622,0.019,998.0,6.82,615.0,0.93,0.0,0.0,0.0,0.019
623,0.015,1006.0,6.64,609.0,0.82,0.0,0.0,0.0,0.015
624,0.025,1041.0,10.22,615.0,1.2,0.0,0.0,0.0,0.025
625,0.025,1039.0,10.55,615.0,1.08,0.0,0.0,0.0,0.025
626,0.029,1043.0,10.52,616.0,1.18,0.0,0.0,0.0,0.029
627,0.037,1038.0,26.31,611.0,1.2,0.0,0.0,0.0,0.037
628,0.027,1039.0,10.91,618.0,0.96,0.0,0.0,0.0,0.027
629,0.026,1042.0,10.42,617.0,1.37,0.0,0.0,0.0,0.026
630,0.026,1040.0,11.36,611.0,1.21,0.0,0.0,0.0,0.026
631,0.026,1037.0,10.83,617.0,0.91,0.0,0.0,0.0,0.026
632,0.033,1049.0,11.1,764.0,1.84,0.0,710.0,0.33,0.033
633,0.025,1041.0,10.39,611.0,1.34,0.0,0.0,0.0,0.025
634,0.03,1062.0,14.7,651.0,1.28,0.0,708.0,0.66,0.03
635,0.026,1042.0,10.6,619.0,1.02,0.0,0.0,0.0,0.026
636,0.026,1044.0,10.74,617.0,1.43,0.0,0.0,0.0,0.026
637,0.027,1040.0,11.35,612.0,1.18,0.0,0.0,0.0,0.027
638,0.028,1040.0,12.32,615.0,1.04,0.0,704.0,0.22,0.028
639,0.012,980.0,5.13,611.0,0.76,0.0,0.0,0.0,0.012
640,0.021,1030.0,6.95,610.0,1.61,0.0,0.0,0.0,0.021
641,0.025,1038.0,10.65,613.0,1.07,0.0,0.0,0.0,0.025
642,0.024,1037.0,11.86,615.0,0.67,0.0,0.0,0.0,0.024
643,0.027,1039.0,10.71,616.0,1.01,0.0,0.0,0.0,0.027
644,0.026,1045.0,10.41,617.0,1.43,0.0,0.0,0.0,0.026
645,0.025,1040.0,10.76,611.0,1.22,0.0,0.0,0.0,0.025
646,0.025,1048.0,9.93,613.0,1.38,0.0,0.0,0.0,0.025
647,0.026,1038.0,11.01,613.0,1.21,0.0,0.0,0.0,0.026
648,0.026,1040.0,10.59,617.0,1.15,0.0,0.0,0.0,0.026
649,0.026,1040.0,10.78,614.0,1.05,0.0,0.0,0.0,0.026
650,0.025,1036.0,10.58,619.0,1.0,0.0,0.0,0.0,0.025
651,0.026,1040.0,10.54,619.0,0.99,0.0,0.0,0.0,0.026
652,0.027,1040.0,10.88,618.0,1.28,0.0,0.0,0.0,0.027
653,0.025,1037.0,10.54,615.0,1.09,0.0,0.0,0.0,0.025
654,0.025,1038.0,11.23,615.0,0.77,0.0,0.0,0.0,0.025
655,0.02,1015.0,7.6,611.0,0.96,0.0,0.0,0.0,0.02
656,0.024,993.0,23.86,613.0,1.14,0.0,0.0,0.0,0.024
657,0.024,1033.0,11.48,615.0,0.66,0.0,0.0,0.0,0.024
658,0.026,1040.0,10.54,617.0,1.0,0.0,0.0,0.0,0.026
659,0.027,1040.0,9.98,619.0,1.46,0.0,0.0,0.0,0.027
660,0.025,1040.0,10.42,613.0,1.12,0.0,0.0,0.0,0.025
661,0.026,1040.0,11.25,618.0,1.01,0.0,0.0,0.0,0.026
662,0.027,1041.0,10.62,619.0,1.0,0.0,0.0,0.0,0.027
663,0.025,1037.0,10.62,617.0,1.07,0.0,0.0,0.0,0.025
664,0.029,1055.0,14.32,613.0,1.3,0.0,0.0,0.0,0.029
665,0.027,1039.0,11.18,612.0,1.24,0.0,0.0,0.0,0.027
666,0.029,1044.0,12.77,679.0,1.25,0.0,711.0,0.42,0.029
667,0.025,1039.0,10.43,615.0,1.07,0.0,0.0,0.0,0.025
668,0.027,1040.0,10.82,619.0,0.99,0.0,0.0,0.0,0.027
669,0.026,1038.0,10.45,618.0,1.01,0.0,0.0,0.0,0.026
670,0.026,1035.0,10.51,618.0,1.13,0.0,0.0,0.0,0.026
671,0.025,1038.0,10.44,613.0,1.38,0.0,0.0,0.0,0.025
672,0.015,989.0,5.48,609.0,1.01,0.0,0.0,0.0,0.015
673,0.02,1025.0,6.38,610.0,1.4,0.0,0.0,0.0,0.02
674,0.025,1040.0,10.88,613.0,1.17,0.0,0.0,0.0,0.025
675,0.026,1042.0,10.21,619.0,0.97,0.0,0.0,0.0,0.026
676,0.027,1042.0,10.36,618.0,1.38,0.0,0.0,0.0,0.027
677,0.025,1041.0,10.63,614.0,1.08,0.0,0.0,0.0,0.025
678,0.026,1038.0,10.59,619.0,0.98,0.0,0.0,0.0,0.026
679,0.025,1043.0,10.22,617.0,1.34,0.0,0.0,0.0,0.025
680,0.024,1039.0,11.98,610.0,0.85,0.0,0.0,0.0,0.024
681,0.027,1042.0,11.01,617.0,1.02,0.0,0.0,0.0,0.027
682,0.026,1041.0,10.49,618.0,0.98,0.0,0.0,0.0,0.026
683,0.024,1038.0,11.34,615.0,0.71,0.0,0.0,0.0,0.024
684,0.026,1042.0,10.61,616.0,0.96,0.0,0.0,0.0,0.026
685,0.04,1035.0,18.48,619.0,1.0,0.0,0.0,0.0,0.04
686,0.025,1038.0,10.91,618.0,1.07,0.0,0.0,0.0,0.025
687,0.026,1038.0,10.66,615.0,1.04,0.0,0.0,0.0,0.026
688,0.026,1038.0,9.03,615.0,0.89,0.0,0.0,0.0,0.026
689,0.011,984.0,3.71,609.0,1.19,0.0,0.0,0.0,0.011
690,0.028,1040.0,9.15,801.0,1.65,0.0,713.0,0.73,0.028
691,0.026,1038.0,11.0,617.0,1.11,0.0,0.0,0.0,0.026
692,0.026,1038.0,10.91,619.0,1.0,0.0,0.0,0.0,0.026
693,0.026,1040.0,10.75,618.0,1.02,0.0,0.0,0.0,0.026
694,0.026,1040.0,10.43,618.0,0.97,0.0,0.0,0.0,0.026
695,0.026,1043.0,10.54,617.0,1.4,0.0,0.0,0.0,0.026
696,0.026,1041.0,10.17,612.0,1.48,0.0,0.0,0.0,0.026
697,0.026,1043.0,10.89,613.0,1.1,0.0,0.0,0.0,0.026
698,0.026,1040.0,10.84,617.0,1.42,0.0,0.0,0.0,0.026
699,0.025,1046.0,9.92,611.0,1.54,0.0,0.0,0.0,0.025
700,0.026,1044.0,10.67,611.0,1.57,0.0,0.0,0.0,0.026
701,0.025,1040.0,10.89,613.0,1.1,0.0,0.0,0.0,0.025
702,0.026,1039.0,10.29,618.0,1.23,0.0,0.0,0.0,0.026
703,0.025,1040.0,10.75,615.0,1.1,0.0,0.0,0.0,0.025
704,0.026,1040.0,10.44,618.0,1.0,0.0,0.0,0.0,0.026
705,0.018,993.0,6.54,616.0,1.19,0.0,0.0,0.0,0.018
706,0.018,1013.0,6.07,612.0,1.14,0.0,0.0,0.0,0.018
707,0.026,1036.0,10.78,619.0,0.96,0.0,0.0,0.0,0.026
708,0.026,1039.0,10.29,618.0,1.2,0.0,0.0,0.0,0.026
709,0.025,1043.0,9.93,615.0,1.24,0.0,0.0,0.0,0.025
710,0.025,1043.0,10.84,611.0,1.11,0.0,0.0,0.0,0.025
711,0.025,1039.0,10.88,612.0,1.16,0.0,0.0,0.0,0.025
712,0.026,1038.0,10.56,619.0,0.97,0.0,0.0,0.0,0.026
713,0.027,1039.0,11.39,619.0,0.98,0.0,0.0,0.0,0.027
714,0.029,1041.0,13.21,619.0,0.98,0.0,0.0,0.0,0.029
715,0.039,1043.0,30.03,618.0,1.14,0.0,0.0,0.0,0.039
716,0.025,1040.0,10.94,615.0,1.05,0.0,0.0,0.0,0.025
717,0.026,1039.0,10.63,619.0,1.0,0.0,0.0,0.0,0.026
718,0.027,1042.0,10.27,619.0,0.99,0.0,0.0,0.0,0.027
719,0.032,1047.0,14.35,618.0,1.17,0.0,0.0,0.0,0.032
720,0.033,1046.0,12.02,615.0,0.99,0.0,714.0,0.52,0.033
721,0.028,1033.0,9.79,724.0,0.85,0.0,0.0,0.0,0.028
722,0.015,986.0,5.75,610.0,1.35,0.0,0.0,0.0,0.015
723,0.023,1036.0,8.92,611.0,1.16,0.0,0.0,0.0,0.023
724,0.026,1036.0,10.76,618.0,1.0,0.0,0.0,0.0,0.026
725,0.028,1040.0,10.75,619.0,1.0,0.0,0.0,0.0,0.028
726,0.026,1050.0,10.03,616.0,1.35,0.0,0.0,0.0,0.026
727,0.025,1038.0,10.49,613.0,1.15,0.0,0.0,0.0,0.025
728,0.026,1038.0,10.96,619.0,0.99,0.0,0.0,0.0,0.026
729,0.024,1037.0,11.83,615.0,0.68,0.0,0.0,0.0,0.024
730,0.027,1040.0,10.78,616.0,1.36,0.0,0.0,0.0,0.027
731,0.025,1041.0,10.46,612.0,1.5,0.0,0.0,0.0,0.025
732,0.023,1043.0,10.88,609.0,1.15,0.0,0.0,0.0,0.023
733,0.026,1035.0,10.58,611.0,1.11,0.0,0.0,0.0,0.026
734,0.024,1040.0,10.55,617.0,0.99,0.0,0.0,0.0,0.024
735,0.026,1035.0,10.78,614.0,1.08,0.0,0.0,0.0,0.026
736,0.025,1039.0,10.78,617.0,1.17,0.0,0.0,0.0,0.025
737,0.026,1044.0,9.91,613.0,1.53,0.0,0.0,0.0,0.026
738,0.018,1002.0,6.48,608.0,0.98,0.0,0.0,0.0,0.018
739,0.014,1005.0,6.09,609.0,0.81,0.0,0.0,0.0,0.014
740,0.027,1038.0,10.8,617.0,1.01,0.0,0.0,0.0,0.027
741,0.025,1042.0,9.89,617.0,1.43,0.0,0.0,0.0,0.025
742,0.026,1038.0,10.42,613.0,1.12,0.0,0.0,0.0,0.026
743,0.025,1040.0,10.27,619.0,0.99,0.0,0.0,0.0,0.025
744,0.041,1034.0,19.48,619.0,0.99,0.0,0.0,0.0,0.041
745,0.025,1037.0,11.72,615.0,0.67,0.0,0.0,0.0,0.025
746,0.024,1040.0,10.4,617.0,0.98,0.0,0.0,0.0,0.024
747,0.123,1238.0,36.42,615.0,0.67,0.0,0.0,0.0,0.123
748,0.026,1043.0,10.94,615.0,1.03,0.0,0.0,0.0,0.026
749,0.037,1045.0,12.77,772.0,1.78,0.0,709.0,0.32,0.037
750,0.144,1380.0,40.34,616.0,0.92,0.0,0.0,0.0,0.144
751,0.033,1086.0,13.82,613.0,1.16,0.0,0.0,0.0,0.033
752,0.044,1110.0,21.28,615.0,1.0,0.0,0.0,0.0,0.044
753,0.026,1041.0,10.97,611.0,1.17,0.0,0.0,0.0,0.026
754,0.024,1037.0,11.67,615.0,0.68,0.0,0.0,0.0,0.024
755,0.025,1039.0,9.52,613.0,1.02,0.0,0.0,0.0,0.025
756,0.012,982.0,3.87,609.0,1.27,0.0,0.0,0.0,0.012
757,0.075,1037.0,56.35,608.0,1.16,0.0,712.0,0.41,0.075
758,0.049,1038.0,15.04,612.0,1.16,0.0,0.0,0.0,0.049
759,0.029,1045.0,14.03,617.0,1.33,0.0,704.0,0.22,0.029
760,0.026,1038.0,10.52,614.0,1.19,0.0,0.0,0.0,0.026
761,0.027,1040.0,11.64,619.0,1.0,0.0,0.0,0.0,0.027
762,0.026,1040.0,10.89,619.0,1.0,0.0,0.0,0.0,0.026
763,0.026,1043.0,10.93,617.0,1.36,0.0,0.0,0.0,0.026
764,0.024,1043.0,11.25,610.0,1.26,0.0,0.0,0.0,0.024
765,0.027,1046.0,10.42,612.0,1.17,0.0,0.0,0.0,0.027
766,0.025,1041.0,10.78,617.0,1.04,0.0,0.0,0.0,0.025
767,0.025,1038.0,10.75,613.0,1.07,0.0,0.0,0.0,0.025
768,0.024,1036.0,11.45,615.0,0.74,0.0,0.0,0.0,0.024
769,0.026,1045.0,10.73,614.0,1.05,0.0,0.0,0.0,0.026
770,0.027,1040.0,10.8,619.0,1.01,0.0,0.0,0.0,0.027
771,0.034,1039.0,10.32,616.0,1.26,0.0,0.0,0.0,0.034
772,0.022,1017.0,8.21,608.0,1.03,0.0,0.0,0.0,0.022
773,0.026,993.0,25.97,643.0,1.08,0.0,711.0,0.42,0.026
774,0.025,1039.0,9.86,620.0,1.0,0.0,0.0,0.0,0.025
775,0.027,1042.0,10.41,618.0,1.34,0.0,0.0,0.0,0.027
776,0.025,1047.0,10.18,611.0,1.36,0.0,0.0,0.0,0.025
777,0.029,1038.0,12.33,613.0,1.16,0.0,0.0,0.0,0.029
778,0.028,1039.0,12.06,619.0,0.99,0.0,0.0,0.0,0.028
779,0.028,1038.0,11.87,620.0,1.15,0.0,0.0,0.0,0.028
780,0.026,1035.0,11.13,617.0,1.11,0.0,0.0,0.0,0.026
781,0.026,1040.0,12.86,611.0,0.95,0.0,0.0,0.0,0.026
782,0.026,1041.0,10.78,612.0,1.2,0.0,0.0,0.0,0.026
783,0.026,1040.0,10.81,617.0,1.45,0.0,0.0,0.0,0.026
784,0.022,1043.0,11.7,609.0,0.64,0.0,0.0,0.0,0.022
785,0.026,1042.0,10.31,616.0,1.15,0.0,0.0,0.0,0.026
786,0.026,1038.0,10.33,615.0,1.02,0.0,0.0,0.0,0.026
787,0.025,1042.0,10.39,616.0,1.24,0.0,0.0,0.0,0.025
788,0.026,1042.0,10.58,612.0,1.36,0.0,0.0,0.0,0.026
789,0.014,987.0,5.47,613.0,0.98,0.0,0.0,0.0,0.014
790,0.02,1025.0,5.97,611.0,1.61,0.0,0.0,0.0,0.02
791,0.026,1038.0,10.69,612.0,1.11,0.0,0.0,0.0,0.026
792,0.026,1042.0,10.15,618.0,0.97,0.0,0.0,0.0,0.026
793,0.026,1040.0,11.33,619.0,1.01,0.0,0.0,0.0,0.026
794,0.026,1040.0,10.78,618.0,0.97,0.0,0.0,0.0,0.026
795,0.025,1043.0,10.49,617.0,1.17,0.0,0.0,0.0,0.025
796,0.026,1040.0,11.07,615.0,1.1,0.0,0.0,0.0,0.026
797,0.026,1039.0,10.54,617.0,1.18,0.0,0.0,0.0,0.026
798,0.026,1040.0,10.46,615.0,1.1,0.0,0.0,0.0,0.026
799,0.024,1037.0,11.67,615.0,0.67,0.0,0.0,0.0,0.024
800,0.026,1042.0,10.37,617.0,1.04,0.0,0.0,0.0,0.026
801,0.026,1038.0,10.27,617.0,1.4,0.0,0.0,0.0,0.026
802,0.04,1038.0,19.18,613.0,1.11,0.0,0.0,0.0,0.04
803,0.026,1045.0,10.73,617.0,1.43,0.0,0.0,0.0,0.026
804,0.025,1039.0,10.61,613.0,1.13,0.0,0.0,0.0,0.025
805,0.022,1009.0,7.53,615.0,1.05,0.0,0.0,0.0,0.022
806,0.014,996.0,4.62,612.0,1.14,0.0,0.0,0.0,0.014
807,0.032,1049.0,12.02,773.0,1.12,0.0,712.0,0.41,0.032
808,0.027,1039.0,11.41,618.0,1.26,0.0,0.0,0.0,0.027
809,0.026,1039.0,11.91,612.0,0.95,0.0,0.0,0.0,0.026
810,0.025,1045.0,10.48,615.0,1.13,0.0,0.0,0.0,0.025
811,0.025,1040.0,10.63,613.0,1.12,0.0,0.0,0.0,0.025
812,0.026,1039.0,10.43,617.0,1.3,0.0,0.0,0.0,0.026
813,0.024,1042.0,11.26,610.0,0.87,0.0,0.0,0.0,0.024
814,0.025,1041.0,10.95,612.0,1.19,0.0,0.0,0.0,0.025
815,0.026,1040.0,10.67,619.0,0.99,0.0,0.0,0.0,0.026
816,0.026,1038.0,10.54,619.0,0.98,0.0,0.0,0.0,0.026
817,0.025,1039.0,10.7,617.0,1.09,0.0,0.0,0.0,0.025
818,0.026,1042.0,10.98,612.0,1.03,0.0,0.0,0.0,0.026
819,0.026,1043.0,10.62,614.0,1.1,0.0,0.0,0.0,0.026
820,0.026,1039.0,10.66,619.0,1.01,0.0,0.0,0.0,0.026
821,0.024,1037.0,11.01,615.0,0.66,0.0,0.0,0.0,0.024
822,0.016,994.0,5.63,614.0,0.99,0.0,0.0,0.0,0.016
823,0.019,1020.0,5.63,610.0,1.57,0.0,0.0,0.0,0.019
824,0.025,1041.0,10.68,613.0,1.11,0.0,0.0,0.0,0.025
825,0.026,1041.0,9.83,618.0,1.31,0.0,0.0,0.0,0.026
826,0.023,1038.0,11.55,610.0,0.77,0.0,0.0,0.0,0.023
827,0.026,1041.0,11.02,616.0,1.13,0.0,0.0,0.0,0.026
828,0.026,1043.0,10.51,613.0,1.09,0.0,0.0,0.0,0.026
829,0.024,1038.0,10.65,616.0,1.09,0.0,0.0,0.0,0.024
830,0.025,1036.0,10.65,613.0,1.19,0.0,0.0,0.0,0.025
831,0.026,1040.0,10.58,618.0,0.98,0.0,0.0,0.0,0.026
832,0.039,1048.0,30.21,617.0,1.41,0.0,0.0,0.0,0.039
833,0.026,1043.0,10.34,612.0,1.12,0.0,0.0,0.0,0.026
834,0.025,1035.0,10.74,619.0,0.98,0.0,0.0,0.0,0.025
835,0.027,1040.0,10.63,619.0,0.98,0.0,0.0,0.0,0.027
836,0.025,1043.0,10.15,618.0,0.93,0.0,0.0,0.0,0.025
837,0.025,1038.0,11.38,616.0,0.84,0.0,0.0,0.0,0.025
838,0.025,1040.0,11.04,615.0,1.07,0.0,0.0,0.0,0.025
839,0.02,993.0,6.61,616.0,1.14,0.0,0.0,0.0,0.02
840,0.019,1015.0,5.99,611.0,1.18,0.0,0.0,0.0,0.019
841,0.027,1040.0,15.66,614.0,0.77,0.0,0.0,0.0,0.027
842,0.026,1039.0,10.91,612.0,1.14,0.0,0.0,0.0,0.026
843,0.024,1038.0,11.58,615.0,0.68,0.0,0.0,0.0,0.024
844,0.026,1040.0,10.55,617.0,1.02,0.0,0.0,0.0,0.026
845,0.025,1044.0,9.8,617.0,1.34,0.0,0.0,0.0,0.025
846,0.025,1037.0,12.28,610.0,0.82,0.0,0.0,0.0,0.025
847,0.025,1042.0,10.87,616.0,1.4,0.0,0.0,0.0,0.025
848,0.026,1045.0,10.3,612.0,1.15,0.0,0.0,0.0,0.026
849,0.025,1039.0,10.49,615.0,1.04,0.0,0.0,0.0,0.025
850,0.024,1043.0,10.67,615.0,0.98,0.0,0.0,0.0,0.024
851,0.025,1040.0,10.7,611.0,1.14,0.0,0.0,0.0,0.025
852,0.026,1039.0,10.66,618.0,1.28,0.0,0.0,0.0,0.026
853,0.027,1039.0,11.58,615.0,1.11,0.0,0.0,0.0,0.027
854,0.033,1047.0,12.46,762.0,1.34,0.0,711.0,0.42,0.033
855,0.042,1106.0,18.14,613.0,0.92,0.0,0.0,0.0,0.042
856,0.013,984.0,4.39,610.0,1.32,0.0,0.0,0.0,0.013
857,0.022,1032.0,7.91,610.0,1.56,0.0,0.0,0.0,0.022
858,0.026,1036.0,10.81,614.0,1.11,0.0,0.0,0.0,0.026
859,0.026,1044.0,10.38,617.0,1.44,0.0,0.0,0.0,0.026
860,0.025,1046.0,10.22,610.0,1.38,0.0,0.0,0.0,0.025
861,0.039,1039.0,28.3,612.0,1.12,0.0,0.0,0.0,0.039
862,0.026,1037.0,11.09,616.0,1.01,0.0,0.0,0.0,0.026
863,0.027,1039.0,11.19,619.0,1.02,0.0,0.0,0.0,0.027
864,0.025,1040.0,10.95,618.0,0.98,0.0,0.0,0.0,0.025
865,0.026,1038.0,10.63,619.0,1.0,0.0,0.0,0.0,0.026
866,0.041,1052.0,11.55,774.0,1.99,0.0,713.0,0.51,0.041
867,0.026,1039.0,10.45,613.0,1.57,0.0,0.0,0.0,0.026
868,0.026,1039.0,11.0,613.0,1.1,0.0,0.0,0.0,0.026
869,0.027,1039.0,10.79,620.0,1.1,0.0,0.0,0.0,0.027
870,0.024,1040.0,11.36,614.0,0.92,0.0,0.0,0.0,0.024
871,0.026,1038.0,10.86,614.0,1.11,0.0,0.0,0.0,0.026
872,0.014,986.0,5.41,615.0,0.96,0.0,0.0,0.0,0.014
873,0.021,1025.0,6.67,610.0,1.18,0.0,0.0,0.0,0.021
874,0.026,1040.0,10.75,613.0,1.2,0.0,0.0,0.0,0.026
875,0.025,1040.0,10.22,615.0,1.04,0.0,0.0,0.0,0.025
876,0.024,1037.0,11.99,615.0,0.66,0.0,0.0,0.0,0.024
877,0.026,1040.0,10.74,617.0,1.0,0.0,0.0,0.0,0.026
878,0.025,1038.0,10.55,617.0,1.18,0.0,0.0,0.0,0.025
879,0.027,1042.0,11.12,615.0,1.1,0.0,0.0,0.0,0.027
880,0.026,1039.0,10.63,619.0,1.01,0.0,0.0,0.0,0.026
881,0.026,1044.0,10.11,619.0,1.04,0.0,0.0,0.0,0.026
882,0.026,1038.0,10.63,616.0,1.03,0.0,0.0,0.0,0.026
883,0.027,1038.0,11.03,618.0,1.0,0.0,0.0,0.0,0.027
884,0.023,1038.0,11.36,615.0,0.72,0.0,0.0,0.0,0.023
885,0.026,1043.0,10.53,615.0,1.02,0.0,0.0,0.0,0.026
886,0.026,1046.0,10.55,616.0,1.28,0.0,0.0,0.0,0.026
887,0.025,1040.0,10.24,610.0,1.51,0.0,0.0,0.0,0.025
888,0.024,1027.0,8.82,610.0,1.13,0.0,0.0,0.0,0.024
889,0.011,986.0,3.12,609.0,1.38,0.0,0.0,0.0,0.011
890,0.036,1037.0,28.14,612.0,1.4,0.0,0.0,0.0,0.036
891,0.026,1039.0,11.14,615.0,1.08,0.0,0.0,0.0,0.026
892,0.026,1040.0,10.78,619.0,0.98,0.0,0.0,0.0,0.026
893,0.026,1035.0,10.67,619.0,0.98,0.0,0.0,0.0,0.026
894,0.025,1041.0,10.98,615.0,0.93,0.0,0.0,0.0,0.025
895,0.025,1038.0,10.36,611.0,1.16,0.0,0.0,0.0,0.025
896,0.027,1040.0,10.86,619.0,0.97,0.0,0.0,0.0,0.027
897,0.025,1038.0,10.71,619.0,1.0,0.0,0.0,0.0,0.025
898,0.029,1043.0,10.46,617.0,1.39,0.0,0.0,0.0,0.029
899,0.027,1040.0,10.33,615.0,1.21,0.0,0.0,0.0,0.027
