Time (s),CPU Power (W),E-Cluster HW active frequency MHz,E-Cluster HW active residency %,P-Cluster HW active frequency MHz,P-Cluster HW active residency %,GPU Power (W),GPU HW active frequency MHz,GPU HW active residency %,Power (W),App CPU ms/s,ComponentA CPU ms/s,ComponentB CPU ms/s
0,1.794,1288.0,19.27,1779.0,45.29,0.0,709.0,0.22,1.794,49.59,446.82,451.57
1,4.49,1666.0,13.04,3074.0,98.91,0.0,708.0,0.22,4.49,130.59,1076.63,1061.31
2,4.779,1855.0,11.79,3052.0,100.0,0.0,0.0,0.0,4.779,179.87,1150.27,1161.26
3,4.774,1885.0,12.66,3053.0,100.0,0.0,709.0,0.22,4.774,180.77,1144.3,1155.79
4,4.77,1859.0,11.99,3054.0,100.0,0.0,0.0,0.0,4.77,181.19,1162.73,1152.98
5,4.781,1918.0,11.24,3053.0,100.0,0.0,0.0,0.0,4.781,179.17,1153.21,1157.71
6,4.795,1914.0,11.91,3054.0,100.0,0.0,0.0,0.0,4.795,184.81,1152.63,1153.41
7,4.737,1894.0,15.92,3060.0,100.0,0.0,0.0,0.0,4.737,182.76,1151.14,1146.64
8,4.749,1845.0,16.41,3059.0,100.0,0.0,0.0,0.0,4.749,186.44,1146.48,1150.53
9,4.775,1881.0,14.64,3058.0,100.0,0.0,708.0,0.22,4.775,189.21,1155.17,1146.51
10,4.77,1813.0,16.6,3063.0,100.0,0.0,0.0,0.0,4.77,187.24,1151.28,1162.69
11,4.774,1882.0,14.91,3057.0,100.0,0.0,0.0,0.0,4.774,183.12,1150.9,1150.58
12,4.8,1938.0,11.78,3054.0,100.0,0.0,0.0,0.0,4.8,183.51,1153.73,1144.57
13,4.754,1854.0,16.8,3063.0,100.0,0.0,0.0,0.0,4.754,183.97,1149.53,1157.77
14,4.773,1851.0,14.88,3057.0,100.0,0.0,0.0,0.0,4.773,182.29,1150.99,1140.89
15,4.809,1905.0,11.49,3055.0,100.0,0.0,0.0,0.0,4.809,184.88,1139.18,1158.73
16,4.808,1931.0,12.55,3056.0,100.0,0.0,0.0,0.0,4.808,183.91,1150.62,1142.8
17,4.78,1879.0,15.8,3059.0,100.0,0.0,0.0,0.0,4.78,187.16,1144.39,1157.91
18,4.771,1864.0,16.66,3062.0,100.0,0.0,0.0,0.0,4.771,187.87,1153.1,1146.77
19,4.816,1930.0,13.76,3056.0,100.0,0.001,714.0,0.41,4.817,187.16,1141.96,1158.04
20,4.807,1971.0,12.54,3057.0,100.0,0.0,0.0,0.0,4.807,185.64,1151.44,1145.27
21,4.782,1912.0,16.1,3061.0,100.0,0.0,0.0,0.0,4.782,188.29,1138.46,1152.47
22,4.783,1919.0,15.92,3061.0,100.0,0.0,0.0,0.0,4.783,186.11,1157.68,1149.42
23,4.766,1871.0,18.17,3064.0,100.0,0.0,0.0,0.0,4.766,184.57,1141.9,1153.8
24,4.781,1857.0,16.26,3061.0,100.0,0.0,0.0,0.0,4.781,184.85,1150.66,1142.63
25,4.866,1982.0,18.14,3055.0,100.0,0.002,713.0,0.63,4.868,188.51,1148.46,1160.81
26,4.743,1950.0,21.32,3065.0,100.0,0.0,709.0,0.22,4.743,186.29,1144.12,1148.35
27,4.817,1923.0,14.06,3058.0,100.0,0.0,709.0,0.22,4.817,184.37,1144.17,1145.28
28,4.842,1903.0,12.25,3056.0,100.0,0.0,0.0,0.0,4.842,184.9,1149.84,1159.12
29,4.798,1813.0,16.05,3060.0,100.0,0.0,0.0,0.0,4.798,190.33,1149.73,1150.16
30,4.803,1923.0,11.1,3056.0,100.0,0.0,0.0,0.0,4.803,158.44,1150.03,1145.01
31,4.796,1863.0,14.18,3058.0,100.0,0.0,0.0,0.0,4.796,168.27,1145.17,1154.76
32,4.811,1856.0,16.26,3061.0,100.0,0.0,0.0,0.0,4.811,189.5,1142.28,1155.87
33,4.825,1910.0,14.39,3059.0,100.0,0.0,0.0,0.0,4.825,186.65,1157.98,1149.42
34,4.788,1891.0,18.65,3063.0,100.0,0.001,709.0,0.22,4.789,188.27,1139.37,1149.87
35,4.81,1892.0,16.11,3060.0,100.0,0.0,0.0,0.0,4.81,185.76,1157.44,1148.48
36,4.844,1934.0,13.81,3057.0,100.0,0.0,0.0,0.0,4.844,185.79,1149.0,1154.3
37,4.841,1852.0,13.16,3058.0,100.0,0.0,0.0,0.0,4.841,188.57,1148.34,1150.47
38,4.84,1881.0,14.05,3060.0,100.0,0.0,0.0,0.0,4.84,186.66,1144.15,1158.29
39,4.821,1922.0,14.78,3059.0,100.0,0.0,0.0,0.0,4.821,185.67,1147.72,1142.11
40,4.836,1849.0,20.23,3063.0,100.0,0.0,0.0,0.0,4.836,191.1,1151.59,1162.02
41,4.779,1825.0,20.19,3065.0,100.0,0.0,0.0,0.0,4.779,190.39,1153.17,1150.83
42,4.859,1950.0,12.49,3055.0,100.0,0.0,0.0,0.0,4.859,187.08,1142.36,1153.15
43,4.83,1825.0,15.08,3060.0,100.0,0.0,0.0,0.0,4.83,185.66,1148.83,1144.73
44,4.846,1885.0,13.36,3059.0,100.0,0.0,0.0,0.0,4.846,183.2,1144.51,1159.63
45,4.798,1907.0,16.48,3062.0,100.0,0.0,0.0,0.0,4.798,184.42,1148.8,1147.49
46,4.836,1811.0,15.31,3060.0,100.0,0.0,0.0,0.0,4.836,193.47,1144.01,1155.05
47,4.852,1826.0,14.65,3061.0,100.0,0.0,0.0,0.0,4.852,191.18,1154.89,1151.15
48,4.85,1920.0,13.38,3057.0,100.0,0.0,0.0,0.0,4.85,184.93,1147.23,1146.39
49,4.831,1917.0,17.01,3062.0,100.0,0.0,0.0,0.0,4.831,189.08,1148.59,1151.04
50,4.866,1905.0,12.23,3056.0,100.0,0.0,0.0,0.0,4.866,185.4,1138.88,1160.87
51,4.895,1866.0,17.46,3058.0,100.0,0.0,713.0,0.31,4.895,193.76,1153.71,1154.71
52,4.847,1867.0,13.54,3058.0,100.0,0.0,0.0,0.0,4.847,187.1,1139.89,1147.29
53,4.867,1940.0,12.69,3056.0,100.0,0.0,0.0,0.0,4.867,184.82,1150.1,1152.59
54,4.823,1851.0,16.82,3062.0,100.0,0.0,0.0,0.0,4.823,189.49,1144.93,1149.14
55,4.877,1868.0,19.7,3061.0,100.0,0.0,0.0,0.0,4.877,189.61,1158.82,1157.14
56,4.828,1911.0,16.67,3061.0,100.0,0.0,0.0,0.0,4.828,187.67,1145.65,1146.0
57,4.875,1903.0,14.31,3058.0,100.0,0.0,709.0,0.22,4.875,185.57,1142.45,1155.56
58,4.869,1955.0,11.66,3056.0,100.0,0.0,0.0,0.0,4.869,185.49,1147.94,1146.66
59,4.869,1884.0,14.58,3058.0,100.0,0.0,0.0,0.0,4.869,189.3,1147.08,1153.06
60,4.845,1876.0,15.36,3059.0,100.0,0.0,0.0,0.0,4.845,189.03,1139.79,1154.12
61,4.862,1878.0,12.09,3059.0,100.0,0.0,0.0,0.0,4.862,157.96,1156.6,1152.27
62,4.854,1961.0,12.67,3056.0,100.0,0.0,0.0,0.0,4.854,175.36,1144.78,1151.89
63,4.837,1884.0,16.31,3060.0,99.95,0.0,0.0,0.0,4.837,186.85,1149.54,1142.22
64,4.868,1973.0,11.83,3055.0,100.0,0.0,0.0,0.0,4.868,185.84,1139.25,1161.72
65,4.888,1987.0,12.76,3055.0,100.0,0.0,0.0,0.0,4.888,189.16,1152.44,1146.23
66,4.859,1813.0,13.12,3058.0,100.0,0.0,0.0,0.0,4.859,189.1,1137.87,1155.4
67,4.868,1866.0,14.33,3058.0,100.0,0.0,0.0,0.0,4.868,189.23,1156.84,1146.42
68,4.85,1940.0,15.2,3059.0,100.0,0.0,0.0,0.0,4.85,186.11,1146.1,1158.24
69,4.88,1891.0,13.1,3057.0,100.0,0.0,0.0,0.0,4.88,186.06,1143.26,1152.95
70,4.839,1897.0,17.16,3060.0,100.0,0.0,0.0,0.0,4.839,185.6,1152.67,1149.11
71,4.875,1819.0,14.3,3060.0,100.0,0.0,0.0,0.0,4.875,186.74,1144.39,1155.18
72,4.89,1974.0,11.78,3055.0,100.0,0.0,0.0,0.0,4.89,185.85,1151.19,1144.26
73,4.896,1800.0,13.42,3058.0,100.0,0.0,0.0,0.0,4.896,192.37,1150.92,1156.99
74,4.864,1914.0,13.3,3057.0,100.0,0.0,0.0,0.0,4.864,186.19,1145.02,1147.03
75,4.875,1991.0,11.64,3055.0,100.0,0.0,0.0,0.0,4.875,184.86,1142.3,1156.39
76,4.846,1843.0,17.75,3061.0,100.0,0.0,0.0,0.0,4.846,193.27,1145.84,1151.41
77,4.869,1909.0,14.78,3058.0,100.0,0.0,0.0,0.0,4.869,186.36,1153.18,1147.25
78,4.852,1951.0,15.1,3058.0,100.0,0.0,714.0,0.41,4.852,185.18,1143.54,1150.54
79,4.86,1940.0,14.22,3057.0,100.0,0.0,0.0,0.0,4.86,184.57,1147.33,1156.52
80,4.854,1885.0,16.96,3060.0,100.0,0.0,0.0,0.0,4.854,190.8,1146.75,1150.34
81,4.899,1817.0,15.34,3058.0,100.0,0.0,713.0,0.31,4.899,186.95,1146.65,1155.7
82,4.845,1908.0,17.28,3059.0,100.0,0.0,0.0,0.0,4.845,185.88,1140.96,1150.24
83,4.892,1901.0,13.85,3057.0,100.0,0.0,708.0,0.43,4.892,188.93,1154.73,1149.07
84,4.806,1896.0,17.78,3048.0,98.79,0.0,0.0,0.0,4.806,185.12,1149.37,1146.23
85,4.898,1897.0,19.48,3058.0,100.0,0.0,0.0,0.0,4.898,192.06,1146.31,1160.08
86,4.893,1985.0,12.15,3056.0,100.0,0.0,0.0,0.0,4.893,185.47,1146.54,1147.47
87,4.905,1924.0,12.0,3056.0,100.0,0.0,0.0,0.0,4.905,185.56,1140.02,1151.37
88,4.901,1879.0,15.37,3057.0,100.0,0.0,710.0,0.22,4.901,190.15,1153.07,1149.67
89,4.86,1858.0,15.25,3060.0,100.0,0.0,0.0,0.0,4.86,184.12,1149.35,1154.06
90,4.873,1966.0,14.11,3057.0,100.0,0.0,0.0,0.0,4.873,189.94,1136.06,1149.5
91,4.91,1962.0,11.75,3055.0,100.0,0.0,0.0,0.0,4.91,185.25,1149.29,1151.96
92,4.852,1875.0,14.27,3058.0,100.0,0.0,0.0,0.0,4.852,156.4,1148.48,1149.93
93,4.88,1798.0,14.29,3059.0,99.91,0.0,0.0,0.0,4.88,186.13,1147.85,1152.73
94,4.866,1972.0,14.64,3058.0,100.0,0.0,0.0,0.0,4.866,185.12,1151.04,1142.77
95,4.905,1951.0,12.75,3056.0,100.0,0.0,0.0,0.0,4.905,188.5,1148.18,1159.95
96,4.87,1876.0,16.23,3058.0,100.0,0.0,0.0,0.0,4.87,187.15,1146.11,1151.02
97,4.889,1827.0,14.66,3057.0,100.0,0.0,0.0,0.0,4.889,187.48,1146.49,1143.88
98,4.896,1824.0,14.42,3060.0,100.0,0.0,0.0,0.0,4.896,192.36,1149.74,1160.06
99,4.863,1875.0,18.87,3063.0,100.0,0.0,712.0,0.32,4.863,185.93,1151.0,1153.34
100,4.909,1857.0,21.69,3059.0,100.0,0.0,0.0,0.0,4.909,192.03,1139.77,1155.65
101,4.888,1892.0,14.36,3057.0,100.0,0.0,0.0,0.0,4.888,191.1,1147.43,1149.93
102,4.909,1935.0,11.41,3055.0,100.0,0.0,0.0,0.0,4.909,185.77,1151.62,1142.3
103,4.855,1798.0,19.46,3064.0,100.0,0.0,0.0,0.0,4.855,191.38,1144.23,1165.73
104,4.906,1820.0,14.29,3058.0,100.0,0.0,0.0,0.0,4.906,191.74,1159.0,1151.11
105,4.879,1816.0,16.94,3060.0,100.0,0.0,0.0,0.0,4.879,192.04,1151.13,1149.38
106,4.874,1823.0,17.55,3060.0,100.0,0.0,0.0,0.0,4.874,194.17,1143.9,1156.44
107,4.879,1954.0,13.52,3057.0,100.0,0.0,0.0,0.0,4.879,186.75,1149.69,1149.19
108,4.889,1932.0,13.38,3057.0,100.0,0.0,0.0,0.0,4.889,186.16,1147.7,1146.42
109,4.875,1852.0,17.29,3060.0,100.0,0.0,0.0,0.0,4.875,189.32,1146.57,1157.69
110,4.901,1879.0,13.67,3057.0,100.0,0.0,0.0,0.0,4.901,189.68,1149.49,1147.07
111,4.928,1921.0,11.86,3056.0,100.0,0.0,0.0,0.0,4.928,187.36,1144.32,1156.96
112,4.912,1890.0,14.39,3057.0,100.0,0.0,0.0,0.0,4.912,191.97,1149.96,1142.26
113,4.896,1873.0,15.77,3060.0,100.0,0.0,0.0,0.0,4.896,186.61,1140.53,1161.64
114,4.965,1939.0,16.73,3055.0,100.0,0.0,0.0,0.0,4.965,186.89,1145.84,1149.69
115,4.892,1897.0,15.21,3059.0,100.0,0.0,0.0,0.0,4.892,192.22,1156.25,1152.93
116,4.889,1873.0,15.22,3058.0,100.0,0.0,0.0,0.0,4.889,193.03,1149.38,1149.06
117,4.934,1933.0,13.41,3056.0,100.0,0.0,0.0,0.0,4.934,187.91,1144.87,1149.27
118,5.141,1948.0,16.63,3054.0,100.0,0.0,0.0,0.0,5.141,188.86,1148.88,1150.29
119,4.905,1810.0,16.1,3059.0,100.0,0.0,0.0,0.0,4.905,192.32,1146.39,1155.06
120,4.88,1824.0,17.33,3059.0,100.0,0.001,711.0,0.53,4.881,193.54,1148.25,1151.72
121,4.919,1948.0,11.68,3055.0,100.0,0.0,0.0,0.0,4.919,188.17,1143.04,1151.74
122,4.912,1923.0,12.12,3056.0,100.0,0.0,0.0,0.0,4.912,187.76,1150.75,1149.39
123,4.886,1783.0,13.4,3060.0,100.0,0.0,0.0,0.0,4.886,158.91,1151.58,1156.55
124,4.92,1880.0,13.24,3058.0,100.0,0.0,0.0,0.0,4.92,188.34,1147.07,1149.12
125,4.901,1934.0,14.67,3057.0,100.0,0.0,0.0,0.0,4.901,188.69,1144.33,1151.67
126,4.871,1915.0,17.52,3059.0,100.0,0.0,0.0,0.0,4.871,188.95,1140.99,1150.37
127,4.909,1935.0,13.06,3056.0,100.0,0.0,0.0,0.0,4.909,187.67,1148.24,1148.48
128,4.928,1941.0,12.3,3055.0,100.0,0.0,0.0,0.0,4.928,187.56,1151.61,1145.18
129,4.923,1898.0,13.81,3057.0,100.0,0.0,0.0,0.0,4.923,189.66,1144.64,1162.32
130,4.933,1945.0,11.92,3055.0,100.0,0.0,0.0,0.0,4.933,189.35,1150.12,1143.27
131,4.919,1822.0,14.3,3059.0,100.0,0.0,0.0,0.0,4.919,192.19,1143.8,1158.56
132,4.928,1951.0,11.85,3055.0,100.0,0.0,0.0,0.0,4.928,187.69,1153.11,1144.16
133,4.914,1903.0,13.55,3058.0,100.0,0.0,0.0,0.0,4.914,190.32,1146.77,1157.51
134,4.915,1869.0,14.05,3058.0,100.0,0.0,0.0,0.0,4.915,189.67,1145.96,1143.24
135,4.83,1884.0,22.54,3063.0,100.0,0.0,0.0,0.0,4.83,189.75,1146.42,1160.9
136,4.921,1909.0,13.71,3057.0,100.0,0.0,0.0,0.0,4.921,191.44,1144.24,1144.86
137,4.925,1962.0,13.29,3055.0,100.0,0.001,714.0,0.41,4.926,188.81,1150.19,1146.92
138,4.924,1870.0,13.99,3059.0,100.0,0.0,0.0,0.0,4.924,190.75,1140.95,1161.17
139,4.906,1970.0,14.68,3057.0,100.0,0.0,0.0,0.0,4.906,187.5,1153.66,1148.02
140,4.914,1838.0,13.87,3058.0,100.0,0.0,0.0,0.0,4.914,187.15,1147.65,1145.04
141,4.914,1968.0,11.59,3055.0,100.0,0.0,0.0,0.0,4.914,186.99,1146.92,1150.42
142,4.875,1861.0,16.82,3061.0,100.0,0.0,0.0,0.0,4.875,185.44,1143.85,1150.69
143,4.948,1975.0,13.47,3055.0,100.0,0.0,0.0,0.0,4.948,189.36,1142.33,1157.21
144,4.898,1844.0,22.49,3060.0,100.0,0.0,0.0,0.0,4.898,193.99,1154.27,1152.41
145,4.922,1906.0,14.99,3057.0,100.0,0.0,0.0,0.0,4.922,188.99,1146.26,1148.52
146,4.91,1892.0,15.9,3059.0,100.0,0.0,0.0,0.0,4.91,187.66,1149.39,1154.03
147,4.91,1810.0,16.28,3059.0,100.0,0.0,0.0,0.0,4.91,191.38,1145.07,1151.3
148,4.876,1873.0,18.29,3062.0,100.0,0.0,0.0,0.0,4.876,188.68,1149.61,1156.7
149,4.873,1861.0,19.74,3063.0,100.0,0.0,0.0,0.0,4.873,193.13,1152.81,1149.74
150,4.913,1863.0,15.8,3059.0,100.0,0.0,0.0,0.0,4.913,190.49,1149.79,1149.36
151,4.921,1918.0,14.92,3057.0,100.0,0.0,713.0,0.31,4.921,191.71,1140.44,1150.28
152,4.944,1946.0,11.96,3055.0,100.0,0.0,0.0,0.0,4.944,187.46,1149.01,1144.77
153,4.916,1813.0,14.62,3060.0,100.0,0.0,0.0,0.0,4.916,186.39,1151.18,1160.73
154,4.878,1845.0,14.89,3059.0,100.0,0.0,0.0,0.0,4.878,159.97,1143.92,1150.52
155,4.928,1930.0,13.19,3056.0,100.0,0.0,0.0,0.0,4.928,187.78,1147.28,1147.44
156,4.927,1846.0,13.81,3058.0,100.0,0.0,0.0,0.0,4.927,190.13,1151.94,1156.5
157,4.901,1877.0,16.88,3059.0,100.0,0.0,0.0,0.0,4.901,192.7,1151.77,1152.97
158,4.895,1891.0,15.84,3059.0,100.0,0.0,0.0,0.0,4.895,188.53,1140.25,1151.26
159,4.92,1876.0,14.15,3057.0,100.0,0.0,0.0,0.0,4.92,189.58,1149.73,1151.83
160,4.928,1948.0,14.22,3056.0,100.0,0.0,0.0,0.0,4.928,191.18,1147.76,1151.59
161,4.898,1893.0,15.83,3058.0,100.0,0.0,0.0,0.0,4.898,187.89,1141.86,1147.9
162,4.927,1890.0,13.7,3058.0,100.0,0.0,0.0,0.0,4.927,192.32,1154.61,1150.2
163,4.936,1940.0,11.62,3055.0,100.0,0.0,0.0,0.0,4.936,187.89,1145.55,1144.95
164,4.911,1914.0,14.75,3058.0,100.0,0.0,0.0,0.0,4.911,189.39,1147.92,1150.39
165,4.933,1858.0,13.94,3057.0,100.0,0.0,0.0,0.0,4.933,190.73,1146.74,1161.41
166,4.905,1938.0,14.64,3057.0,100.0,0.0,0.0,0.0,4.905,188.42,1146.71,1147.57
167,4.903,1932.0,15.79,3057.0,100.0,0.0,0.0,0.0,4.903,192.01,1144.96,1153.21
168,4.883,1887.0,17.96,3061.0,100.0,0.0,0.0,0.0,4.883,189.58,1149.86,1148.44
169,4.888,1861.0,18.12,3060.0,100.0,0.0,0.0,0.0,4.888,190.76,1145.4,1148.31
170,4.866,1899.0,18.45,3062.0,100.0,0.0,0.0,0.0,4.866,185.96,1155.05,1155.53
171,4.922,1949.0,13.41,3057.0,100.0,0.0,0.0,0.0,4.922,188.17,1144.78,1152.23
172,4.9,1807.0,16.47,3060.0,100.0,0.0,0.0,0.0,4.9,190.14,1154.05,1153.03
173,4.943,1861.0,20.01,3060.0,100.0,0.0,0.0,0.0,4.943,194.85,1140.41,1155.78
174,4.952,1859.0,12.76,3057.0,100.0,0.0,0.0,0.0,4.952,193.71,1146.98,1149.66
175,4.919,1901.0,16.71,3058.0,100.0,0.0,713.0,0.31,4.919,192.45,1153.8,1142.63
176,4.952,1926.0,11.69,3055.0,100.0,0.0,0.0,0.0,4.952,188.25,1141.65,1157.69
177,4.895,1912.0,17.02,3059.0,100.0,0.0,0.0,0.0,4.895,188.73,1144.53,1149.42
178,4.914,1848.0,14.55,3059.0,100.0,0.0,0.0,0.0,4.914,192.12,1148.87,1153.49
179,4.939,1915.0,14.38,3057.0,100.0,0.0,0.0,0.0,4.939,192.64,1146.68,1150.07
180,4.925,1908.0,13.2,3056.0,100.0,0.0,0.0,0.0,4.925,189.24,1148.4,1148.69
181,4.944,1961.0,11.52,3055.0,100.0,0.0,0.0,0.0,4.944,187.19,1149.13,1146.47
182,4.899,1827.0,16.84,3061.0,100.0,0.0,0.0,0.0,4.899,193.08,1140.75,1153.13
183,4.926,1836.0,15.29,3059.0,100.0,0.0,0.0,0.0,4.926,190.82,1155.63,1150.53
184,4.915,1867.0,14.15,3057.0,100.0,0.0,0.0,0.0,4.915,179.99,1141.27,1158.29
185,4.875,1848.0,15.93,3060.0,100.0,0.0,0.0,0.0,4.875,164.89,1158.63,1151.52
186,4.891,1832.0,16.63,3060.0,100.0,0.0,0.0,0.0,4.891,191.92,1143.32,1153.89
187,4.855,1920.0,19.69,3061.0,100.0,0.0,0.0,0.0,4.855,188.16,1150.27,1143.51
188,4.885,1890.0,16.89,3059.0,100.0,0.0,0.0,0.0,4.885,189.31,1144.59,1149.16
189,4.927,1860.0,15.15,3058.0,100.0,0.0,0.0,0.0,4.927,191.87,1150.37,1159.25
190,4.914,1944.0,14.45,3058.0,100.0,0.0,0.0,0.0,4.914,190.33,1147.75,1143.85
191,4.914,1896.0,16.31,3059.0,100.0,0.0,0.0,0.0,4.914,191.42,1146.8,1159.52
192,4.861,1933.0,18.5,3060.0,100.0,0.0,0.0,0.0,4.861,188.69,1139.86,1150.96
193,4.931,1892.0,14.76,3058.0,100.0,0.0,0.0,0.0,4.931,193.83,1147.52,1153.18
194,4.892,1859.0,16.44,3059.0,100.0,0.0,0.0,0.0,4.892,191.06,1152.96,1150.28
195,4.942,1946.0,11.39,3055.0,100.0,0.0,0.0,0.0,4.942,187.59,1147.17,1149.59
196,4.917,1858.0,14.7,3057.0,100.0,0.001,715.0,0.51,4.918,190.26,1145.99,1150.2
197,4.916,1881.0,13.9,3058.0,100.0,0.0,0.0,0.0,4.916,191.77,1149.33,1151.73
198,4.906,1860.0,16.87,3060.0,100.0,0.0,0.0,0.0,4.906,193.92,1148.05,1150.91
199,4.938,1941.0,14.46,3057.0,100.0,0.0,0.0,0.0,4.938,194.06,1149.3,1154.52
200,4.923,1957.0,12.91,3056.0,100.0,0.0,0.0,0.0,4.923,186.21,1145.57,1149.83
201,4.857,1849.0,20.06,3062.0,100.0,0.0,0.0,0.0,4.857,195.39,1143.59,1146.49
202,4.893,1962.0,15.59,3059.0,100.0,0.0,0.0,0.0,4.893,186.03,1146.82,1156.37
203,4.918,1946.0,20.73,3058.0,100.0,0.0,0.0,0.0,4.918,191.15,1143.71,1149.15
204,4.902,1909.0,17.82,3059.0,100.0,0.0,0.0,0.0,4.902,192.8,1152.56,1151.66
205,4.935,1959.0,14.3,3057.0,100.0,0.0,0.0,0.0,4.935,191.17,1148.68,1150.0
206,4.922,1942.0,13.35,3056.0,100.0,0.0,0.0,0.0,4.922,188.59,1138.57,1150.64
207,4.9,1870.0,18.51,3059.0,100.0,0.0,714.0,0.41,4.9,193.88,1155.25,1144.64
208,4.907,1958.0,14.89,3057.0,100.0,0.0,0.0,0.0,4.907,189.1,1143.81,1157.35
209,4.914,1838.0,17.49,3061.0,100.0,0.0,0.0,0.0,4.914,194.27,1153.88,1145.24
210,4.927,1840.0,15.67,3059.0,100.0,0.0,0.0,0.0,4.927,191.29,1150.87,1156.75
211,4.914,1869.0,16.05,3058.0,100.0,0.0,0.0,0.0,4.914,193.63,1149.75,1153.35
212,4.871,1883.0,18.98,3061.0,100.0,0.0,0.0,0.0,4.871,193.47,1143.51,1148.28
213,4.934,1901.0,13.86,3057.0,100.0,0.0,0.0,0.0,4.934,192.76,1152.07,1149.76
214,4.933,1878.0,15.43,3060.0,100.0,0.0,710.0,0.22,4.933,191.55,1150.86,1154.12
215,4.91,1868.0,14.7,3059.0,100.0,0.0,0.0,0.0,4.91,176.07,1148.55,1148.64
216,4.893,1881.0,16.56,3059.0,100.0,0.0,709.0,0.43,4.893,171.18,1145.75,1149.59
217,4.929,1915.0,13.96,3057.0,100.0,0.0,708.0,0.22,4.929,189.46,1143.93,1148.72
218,4.911,1880.0,14.7,3057.0,100.0,0.0,0.0,0.0,4.911,190.22,1140.15,1150.41
219,4.94,1895.0,13.56,3057.0,100.0,0.0,0.0,0.0,4.94,190.18,1149.5,1147.45
220,4.882,1874.0,19.33,3061.0,100.0,0.0,0.0,0.0,4.882,192.41,1152.96,1154.18
221,4.917,1945.0,14.08,3057.0,100.0,0.0,0.0,0.0,4.917,190.11,1147.82,1146.9
222,4.931,1869.0,15.29,3058.0,100.0,0.0,0.0,0.0,4.931,192.53,1143.98,1149.31
223,4.892,1888.0,20.1,3062.0,100.0,0.0,0.0,0.0,4.892,192.86,1153.87,1155.06
224,4.95,1953.0,11.84,3055.0,100.0,0.0,0.0,0.0,4.95,189.21,1147.67,1149.51
225,4.921,1902.0,13.79,3057.0,100.0,0.0,0.0,0.0,4.921,190.74,1136.95,1153.91
226,4.936,1917.0,14.36,3057.0,100.0,0.0,0.0,0.0,4.936,191.81,1152.56,1151.43
227,4.921,1878.0,15.11,3058.0,100.0,0.0,0.0,0.0,4.921,192.81,1145.08,1152.47
228,4.896,1900.0,16.41,3059.0,100.0,0.0,0.0,0.0,4.896,191.13,1148.89,1141.72
229,4.939,1775.0,16.52,3062.0,100.0,0.0,0.0,0.0,4.939,198.2,1150.88,1152.96
230,4.928,1890.0,14.64,3058.0,100.0,0.0,0.0,0.0,4.928,189.4,1155.5,1158.55
231,4.918,1817.0,18.65,3062.0,100.0,0.0,0.0,0.0,4.918,199.22,1145.93,1157.44
232,4.957,1890.0,12.08,3056.0,100.0,0.0,0.0,0.0,4.957,192.72,1154.45,1148.43
233,4.919,1870.0,22.54,3059.0,100.0,0.0,711.0,0.53,4.919,194.15,1151.16,1150.44
234,4.876,1903.0,18.47,3059.0,100.0,0.0,709.0,0.22,4.876,191.01,1146.09,1149.3
235,4.961,1954.0,11.39,3055.0,100.0,0.0,0.0,0.0,4.961,189.99,1139.12,1151.07
236,5.227,1909.0,19.21,3053.0,100.0,0.0,0.0,0.0,5.227,193.63,1148.06,1152.76
237,4.909,1938.0,14.49,3059.0,100.0,0.0,0.0,0.0,4.909,189.18,1150.5,1149.31
238,4.94,1950.0,15.5,3057.0,100.0,0.0,709.0,0.22,4.94,195.18,1151.96,1145.73
239,4.927,1917.0,14.76,3057.0,100.0,0.0,0.0,0.0,4.927,190.57,1138.59,1157.86
240,4.904,1854.0,19.21,3061.0,100.0,0.0,0.0,0.0,4.904,198.1,1155.0,1153.56
241,4.905,1846.0,17.56,3061.0,100.0,0.0,0.0,0.0,4.905,195.64,1150.72,1146.23
242,4.93,1871.0,15.19,3057.0,100.0,0.0,0.0,0.0,4.93,191.36,1146.9,1153.3
243,4.916,1830.0,18.03,3061.0,100.0,0.0,0.0,0.0,4.916,198.61,1141.22,1152.43
244,4.974,1936.0,12.53,3055.0,100.0,0.0,0.0,0.0,4.974,191.23,1154.19,1145.71
245,4.929,1891.0,14.94,3058.0,100.0,0.0,0.0,0.0,4.929,190.65,1145.7,1153.11
246,4.899,1965.0,13.97,3057.0,100.0,0.0,0.0,0.0,4.899,168.13,1146.05,1151.47
247,4.911,1863.0,16.59,3059.0,100.0,0.0,0.0,0.0,4.911,179.69,1142.03,1154.13
248,4.926,1906.0,15.06,3058.0,100.0,0.0,0.0,0.0,4.926,192.33,1145.97,1152.63
249,4.926,1873.0,13.99,3059.0,100.0,0.0,0.0,0.0,4.926,189.6,1150.7,1152.14
250,4.936,1883.0,14.69,3057.0,100.0,0.0,0.0,0.0,4.936,191.22,1146.41,1149.84
251,4.928,1921.0,14.9,3059.0,100.0,0.0,0.0,0.0,4.928,191.93,1144.8,1149.11
252,4.959,1856.0,12.42,3057.0,100.0,0.0,0.0,0.0,4.959,195.83,1154.11,1148.09
253,4.955,1930.0,13.36,3056.0,100.0,0.0,0.0,0.0,4.955,190.24,1148.34,1150.91
254,4.933,1867.0,14.31,3057.0,100.0,0.0,0.0,0.0,4.933,192.74,1140.35,1150.28
255,4.972,1966.0,13.0,3055.0,100.0,0.001,715.0,0.51,4.973,191.38,1152.99,1149.64
256,4.927,1907.0,14.58,3058.0,100.0,0.0,0.0,0.0,4.927,191.08,1146.81,1152.6
257,4.931,1972.0,14.72,3057.0,100.0,0.0,0.0,0.0,4.931,192.46,1140.31,1153.39
258,4.953,1874.0,13.59,3057.0,100.0,0.0,0.0,0.0,4.953,191.3,1147.35,1147.49
259,4.968,1884.0,11.79,3055.0,100.0,0.0,0.0,0.0,4.968,191.56,1153.48,1145.16
260,4.968,1956.0,11.84,3055.0,100.0,0.0,0.0,0.0,4.968,190.03,1142.03,1156.2
261,4.946,1856.0,14.62,3058.0,100.0,0.0,0.0,0.0,4.946,195.02,1151.17,1153.55
262,4.9,1872.0,25.11,3062.0,100.0,0.0,711.0,0.53,4.9,194.72,1154.86,1148.67
263,4.934,1883.0,16.04,3057.0,100.0,0.0,709.0,0.22,4.934,192.98,1144.37,1152.96
264,4.921,1828.0,16.83,3060.0,100.0,0.0,0.0,0.0,4.921,191.16,1149.77,1146.34
265,4.966,1922.0,11.81,3055.0,100.0,0.0,0.0,0.0,4.966,189.77,1145.13,1156.82
266,4.917,1883.0,16.67,3059.0,100.0,0.0,0.0,0.0,4.917,193.79,1141.71,1145.73
267,4.968,1952.0,11.92,3055.0,100.0,0.0,0.0,0.0,4.968,192.58,1155.42,1147.88
268,4.951,1848.0,14.12,3058.0,100.0,0.0,0.0,0.0,4.951,195.02,1145.13,1155.23
269,4.937,1857.0,15.32,3058.0,100.0,0.0,0.0,0.0,4.937,194.07,1147.94,1146.71
270,4.873,1876.0,20.69,3061.0,100.0,0.0,0.0,0.0,4.873,194.42,1149.63,1147.87
271,4.945,1956.0,12.39,3055.0,100.0,0.0,0.0,0.0,4.945,190.99,1144.21,1150.9
272,4.88,1851.0,20.96,3062.0,100.0,0.0,0.0,0.0,4.88,196.1,1150.76,1158.72
273,4.951,1971.0,11.91,3055.0,100.0,0.0,0.0,0.0,4.951,190.04,1143.41,1143.28
274,4.967,1848.0,13.54,3057.0,100.0,0.0,0.0,0.0,4.967,193.62,1149.48,1157.62
275,4.928,1892.0,16.45,3059.0,100.0,0.0,0.0,0.0,4.928,195.51,1141.19,1153.15
276,4.958,1936.0,12.63,3056.0,100.0,0.0,0.0,0.0,4.958,193.33,1153.8,1146.19
277,4.915,1858.0,14.72,3058.0,100.0,0.0,0.0,0.0,4.915,165.09,1147.3,1156.01
278,4.958,1893.0,12.39,3057.0,100.0,0.0,0.0,0.0,4.958,182.41,1145.43,1149.42
279,4.956,1923.0,14.22,3056.0,100.0,0.0,0.0,0.0,4.956,195.44,1144.18,1150.85
280,4.918,1840.0,17.72,3059.0,100.0,0.0,0.0,0.0,4.918,194.34,1153.74,1147.96
281,4.934,1829.0,15.8,3059.0,100.0,0.0,0.0,0.0,4.934,197.23,1140.34,1152.0
282,4.939,1911.0,15.01,3058.0,100.0,0.0,0.0,0.0,4.939,191.8,1145.69,1150.75
283,4.965,1931.0,12.21,3056.0,100.0,0.0,0.0,0.0,4.965,189.86,1155.37,1150.14
284,4.915,1859.0,16.87,3059.0,100.0,0.0,0.0,0.0,4.915,193.0,1138.37,1151.2
285,4.957,1867.0,15.12,3059.0,100.0,0.0,0.0,0.0,4.957,194.23,1154.18,1152.7
286,4.952,1916.0,14.47,3056.0,100.0,0.0,0.0,0.0,4.952,195.52,1140.37,1152.92
287,4.959,1932.0,12.79,3056.0,100.0,0.0,0.0,0.0,4.959,190.88,1153.56,1147.26
288,4.936,1852.0,17.39,3060.0,100.0,0.0,0.0,0.0,4.936,194.25,1149.08,1146.42
289,4.97,1864.0,14.1,3058.0,100.0,0.0,0.0,0.0,4.97,194.79,1150.55,1161.23
290,4.95,1809.0,15.82,3060.0,100.0,0.0,0.0,0.0,4.95,196.62,1143.64,1146.77
291,4.958,1832.0,15.1,3058.0,100.0,0.0,0.0,0.0,4.958,194.02,1154.67,1148.19
292,4.977,1901.0,20.12,3058.0,100.0,0.0,0.0,0.0,4.977,196.11,1148.89,1160.44
293,5.447,1887.0,83.12,3056.0,100.0,0.0,0.0,0.0,5.447,194.85,1151.05,1156.41
294,5.568,1918.0,100.0,3056.0,100.0,0.0,713.0,0.31,5.568,202.13,1148.93,1162.05
295,5.676,1951.0,100.0,3055.0,100.0,0.0,708.0,0.22,5.676,199.03,1151.54,1151.65
296,5.442,1941.0,88.13,3058.0,100.0,0.0,708.0,0.22,5.442,199.55,1144.46,1160.51
297,4.96,1899.0,14.45,3057.0,100.0,0.0,0.0,0.0,4.96,193.64,1149.26,1153.0
298,4.957,1817.0,15.5,3059.0,100.0,0.0,0.0,0.0,4.957,197.15,1151.78,1153.96
299,4.952,1813.0,20.57,3061.0,100.0,0.0,0.0,0.0,4.952,196.47,1148.78,1151.38
300,5.171,1981.0,42.92,3055.0,100.0,0.0,709.0,0.22,5.171,198.17,1143.99,1150.87
301,4.988,1856.0,21.45,3059.0,100.0,0.0,0.0,0.0,4.988,198.3,1154.33,1151.98
302,4.984,1852.0,14.6,3057.0,100.0,0.0,708.0,0.22,4.984,196.07,1143.18,1144.09
303,4.936,1893.0,16.89,3060.0,100.0,0.0,0.0,0.0,4.936,194.24,1152.08,1154.11
304,4.982,1965.0,11.94,3055.0,100.0,0.0,0.0,0.0,4.982,190.78,1143.67,1147.68
305,4.942,1935.0,16.18,3058.0,100.0,0.0,0.0,0.0,4.942,192.95,1147.33,1158.94
306,4.929,1882.0,19.57,3060.0,100.0,0.0,0.0,0.0,4.929,194.11,1152.16,1154.04
307,5.116,1821.0,50.78,3062.0,99.76,0.0,710.0,0.22,5.116,204.23,1146.57,1152.79
308,4.892,1826.0,18.09,3061.0,100.0,0.0,0.0,0.0,4.892,161.07,1145.88,1156.76
309,4.945,1893.0,15.71,3058.0,100.0,0.0,709.0,0.22,4.945,192.26,1146.12,1151.22
310,4.973,1809.0,15.4,3059.0,100.0,0.0,0.0,0.0,4.973,196.59,1158.34,1144.47
311,4.956,1866.0,15.18,3057.0,100.0,0.0,0.0,0.0,4.956,195.64,1149.79,1151.93
312,4.954,1891.0,15.17,3058.0,100.0,0.0,0.0,0.0,4.954,194.07,1146.39,1152.74
313,4.96,1905.0,16.63,3058.0,100.0,0.0,0.0,0.0,4.96,195.27,1149.19,1150.63
314,4.941,1933.0,14.99,3058.0,100.0,0.0,0.0,0.0,4.941,194.53,1148.01,1153.72
315,4.963,1830.0,14.61,3057.0,100.0,0.0,712.0,0.32,4.963,195.56,1141.25,1150.32
316,4.973,1933.0,11.94,3055.0,100.0,0.0,0.0,0.0,4.973,190.63,1154.03,1150.69
317,4.942,1986.0,15.17,3057.0,100.0,0.0,0.0,0.0,4.942,194.48,1145.9,1152.84
318,4.971,1889.0,15.35,3059.0,100.0,0.0,0.0,0.0,4.971,196.76,1147.46,1149.22
319,4.944,1927.0,15.22,3058.0,100.0,0.0,0.0,0.0,4.944,193.59,1149.63,1152.02
320,4.925,1834.0,18.27,3060.0,100.0,0.0,0.0,0.0,4.925,195.45,1142.73,1149.99
321,4.96,1944.0,21.77,3058.0,100.0,0.0,0.0,0.0,4.96,195.35,1154.32,1146.22
322,4.882,1841.0,22.05,3064.0,100.0,0.0,712.0,0.32,4.882,194.13,1144.18,1149.99
323,4.88,1852.0,21.53,3062.0,100.0,0.0,0.0,0.0,4.88,192.83,1155.66,1154.64
324,4.884,1871.0,21.76,3064.0,100.0,0.0,0.0,0.0,4.884,196.34,1148.85,1148.86
325,4.96,1891.0,15.44,3057.0,100.0,0.001,709.0,0.43,4.961,196.24,1143.57,1153.97
326,4.949,1894.0,19.85,3060.0,100.0,0.0,0.0,0.0,4.949,194.68,1151.98,1153.57
327,4.888,1875.0,23.3,3062.0,99.83,0.0,708.0,0.43,4.888,196.06,1145.11,1151.69
328,4.943,1858.0,16.5,3058.0,100.0,0.0,0.0,0.0,4.943,193.76,1153.64,1142.26
329,5.001,1886.0,21.25,3058.0,100.0,0.0,0.0,0.0,5.001,194.78,1149.71,1153.43
330,4.94,1980.0,14.72,3057.0,100.0,0.0,0.0,0.0,4.94,193.36,1147.12,1157.19
331,4.931,1845.0,19.63,3061.0,100.0,0.0,710.0,0.21,4.931,198.48,1151.3,1148.56
332,4.971,1923.0,13.57,3056.0,100.0,0.0,0.0,0.0,4.971,192.31,1144.17,1150.17
333,4.953,1920.0,15.04,3057.0,100.0,0.0,0.0,0.0,4.953,195.9,1151.0,1151.71
334,4.947,1851.0,15.25,3058.0,100.0,0.0,0.0,0.0,4.947,193.33,1146.33,1152.59
335,4.981,1920.0,11.79,3055.0,100.0,0.0,0.0,0.0,4.981,193.14,1148.69,1150.2
336,4.963,1933.0,13.38,3056.0,100.0,0.0,0.0,0.0,4.963,193.59,1137.94,1149.81
337,4.919,1870.0,18.23,3061.0,100.0,0.0,0.0,0.0,4.919,195.13,1158.49,1140.64
338,4.965,1845.0,13.81,3057.0,100.0,0.0,0.0,0.0,4.965,188.24,1148.61,1158.95
339,4.925,1907.0,13.58,3057.0,100.0,0.0,0.0,0.0,4.925,161.42,1147.02,1145.26
340,4.966,1911.0,13.78,3057.0,100.0,0.0,0.0,0.0,4.966,194.24,1146.49,1148.35
341,4.905,1869.0,19.75,3060.0,100.0,0.0,0.0,0.0,4.905,197.16,1150.17,1156.86
342,4.956,1928.0,14.47,3057.0,100.0,0.0,0.0,0.0,4.956,197.2,1139.64,1149.75
343,4.892,1846.0,21.51,3064.0,100.0,0.0,0.0,0.0,4.892,197.21,1155.98,1152.54
344,4.956,1963.0,15.22,3057.0,100.0,0.0,0.0,0.0,4.956,195.31,1149.94,1153.47
345,4.922,1844.0,18.68,3061.0,100.0,0.0,0.0,0.0,4.922,195.71,1147.22,1149.65
346,4.935,1854.0,17.18,3060.0,100.0,0.0,0.0,0.0,4.935,193.9,1152.28,1147.33
347,4.91,1861.0,19.43,3061.0,100.0,0.0,0.0,0.0,4.91,192.71,1148.64,1153.21
348,4.947,1875.0,16.26,3058.0,100.0,0.0,0.0,0.0,4.947,191.78,1147.57,1152.44
349,4.923,1932.0,17.19,3059.0,100.0,0.0,0.0,0.0,4.923,194.99,1148.09,1141.16
350,4.923,1930.0,17.28,3058.0,100.0,0.0,0.0,0.0,4.923,192.54,1143.68,1159.43
351,4.982,1978.0,19.23,3055.0,100.0,0.0,712.0,0.31,4.982,193.16,1152.77,1148.47
352,4.931,1874.0,16.66,3059.0,100.0,0.0,0.0,0.0,4.931,193.52,1150.45,1143.01
353,4.97,1958.0,11.81,3055.0,100.0,0.0,0.0,0.0,4.97,191.52,1142.89,1148.79
354,5.042,1812.0,15.51,3058.0,100.0,0.0,0.0,0.0,5.042,195.92,1150.15,1160.72
355,5.182,1841.0,17.45,3054.0,100.0,0.0,0.0,0.0,5.182,195.31,1143.21,1152.96
356,4.959,1814.0,14.95,3058.0,100.0,0.0,0.0,0.0,4.959,196.22,1149.25,1148.45
357,4.958,1922.0,16.99,3058.0,100.0,0.0,710.0,0.22,4.958,194.1,1152.6,1145.56
358,4.958,1847.0,12.96,3057.0,100.0,0.0,0.0,0.0,4.958,193.68,1141.48,1157.43
359,4.917,1817.0,19.04,3060.0,100.0,0.0,0.0,0.0,4.917,195.7,1153.49,1150.48
360,4.975,1973.0,11.51,3055.0,100.0,0.0,0.0,0.0,4.975,189.24,1145.31,1146.24
361,4.915,1880.0,18.7,3061.0,100.0,0.0,0.0,0.0,4.915,194.08,1144.52,1159.58
362,4.941,1873.0,15.54,3059.0,100.0,0.0,0.0,0.0,4.941,193.68,1153.08,1146.24
363,4.973,1788.0,13.48,3058.0,100.0,0.0,0.0,0.0,4.973,197.42,1137.79,1153.45
364,4.968,1849.0,14.47,3057.0,100.0,0.0,0.0,0.0,4.968,194.9,1154.28,1152.75
365,4.977,1888.0,12.07,3055.0,100.0,0.0,0.0,0.0,4.977,194.06,1137.72,1150.59
366,4.915,1880.0,18.6,3060.0,100.0,0.0,0.0,0.0,4.915,195.02,1155.26,1150.37
367,4.95,1864.0,15.52,3058.0,100.0,0.0,0.0,0.0,4.95,192.87,1147.32,1149.21
368,4.969,1851.0,14.38,3058.0,100.0,0.0,0.0,0.0,4.969,196.03,1148.05,1153.02
369,4.953,1914.0,13.3,3056.0,100.0,0.0,0.0,0.0,4.953,184.63,1140.65,1150.87
370,4.894,1921.0,15.57,3058.0,100.0,0.0,0.0,0.0,4.894,166.9,1152.36,1145.42
371,4.981,1847.0,13.57,3057.0,100.0,0.0,0.0,0.0,4.981,195.94,1139.4,1153.66
372,4.905,1838.0,19.21,3062.0,100.0,0.0,0.0,0.0,4.905,196.22,1155.24,1149.86
373,4.94,1852.0,16.89,3058.0,100.0,0.0,0.0,0.0,4.94,195.06,1145.29,1155.56
374,4.885,1880.0,23.22,3063.0,100.0,0.0,714.0,0.41,4.885,195.59,1154.69,1142.48
375,4.936,1901.0,16.44,3058.0,100.0,0.0,0.0,0.0,4.936,191.58,1143.5,1148.93
376,4.908,1915.0,18.69,3059.0,100.0,0.0,0.0,0.0,4.908,193.4,1148.2,1156.25
377,4.957,1917.0,13.84,3057.0,100.0,0.0,0.0,0.0,4.957,193.11,1146.6,1150.92
378,4.956,1821.0,16.69,3060.0,100.0,0.0,0.0,0.0,4.956,199.36,1154.26,1150.89
379,4.981,1889.0,11.89,3055.0,100.0,0.0,0.0,0.0,4.981,192.83,1137.04,1152.4
380,4.956,1861.0,15.3,3058.0,100.0,0.0,0.0,0.0,4.956,196.38,1147.55,1146.54
381,4.981,1916.0,21.2,3057.0,100.0,0.0,713.0,0.32,4.981,196.64,1150.06,1154.97
382,4.955,1855.0,16.22,3058.0,100.0,0.0,0.0,0.0,4.955,194.42,1152.78,1146.91
383,4.956,1852.0,15.68,3058.0,100.0,0.0,0.0,0.0,4.956,196.58,1147.68,1149.96
384,4.969,1872.0,13.78,3057.0,100.0,0.0,0.0,0.0,4.969,195.09,1145.11,1153.72
385,4.967,1814.0,14.29,3058.0,100.0,0.0,0.0,0.0,4.967,195.46,1142.3,1146.86
386,4.955,1905.0,14.88,3058.0,100.0,0.0,0.0,0.0,4.955,193.96,1143.65,1152.9
387,4.955,1911.0,14.09,3057.0,100.0,0.0,0.0,0.0,4.955,191.09,1154.14,1150.16
388,4.959,1921.0,15.17,3057.0,100.0,0.0,0.0,0.0,4.959,195.58,1149.76,1146.67
389,4.974,1928.0,11.84,3055.0,100.0,0.0,0.0,0.0,4.974,190.65,1142.87,1149.18
390,4.908,1919.0,18.55,3059.0,100.0,0.0,0.0,0.0,4.908,194.83,1145.44,1144.02
391,4.949,1852.0,16.12,3059.0,100.0,0.0,0.0,0.0,4.949,193.64,1145.83,1148.97
392,4.93,1860.0,17.19,3060.0,100.0,0.0,0.0,0.0,4.93,197.28,1145.83,1155.91
393,4.937,1889.0,17.15,3059.0,100.0,0.0,0.0,0.0,4.937,192.33,1156.99,1151.98
394,4.972,1855.0,13.07,3057.0,100.0,0.0,0.0,0.0,4.972,195.75,1140.21,1149.25
395,4.944,1886.0,16.37,3058.0,100.0,0.0,0.0,0.0,4.944,193.48,1147.37,1153.02
396,4.924,1901.0,18.46,3060.0,100.0,0.0,0.0,0.0,4.924,194.25,1157.02,1151.21
397,4.948,1855.0,15.9,3058.0,100.0,0.0,0.0,0.0,4.948,196.13,1148.42,1150.5
398,4.968,1848.0,13.5,3057.0,100.0,0.0,0.0,0.0,4.968,194.68,1140.06,1150.28
399,4.961,1831.0,14.92,3059.0,100.0,0.0,0.0,0.0,4.961,196.84,1159.96,1149.02
400,4.932,1821.0,15.89,3060.0,100.0,0.0,0.0,0.0,4.932,179.99,1148.76,1156.58
401,4.912,1871.0,16.25,3059.0,100.0,0.0,0.0,0.0,4.912,173.17,1146.01,1144.31
402,4.95,1877.0,14.49,3056.0,100.0,0.0,0.0,0.0,4.95,193.04,1140.53,1152.18
403,4.959,1801.0,16.88,3061.0,100.0,0.0,0.0,0.0,4.959,197.0,1151.84,1150.52
404,4.965,1908.0,13.57,3056.0,100.0,0.0,0.0,0.0,4.965,192.48,1146.92,1154.56
405,4.959,1901.0,16.46,3057.0,100.0,0.001,712.0,0.53,4.96,195.34,1138.24,1153.52
406,4.927,1816.0,19.08,3062.0,100.0,0.0,0.0,0.0,4.927,197.37,1152.32,1151.15
407,4.949,1880.0,16.11,3058.0,100.0,0.0,0.0,0.0,4.949,195.4,1151.31,1150.09
408,4.99,1925.0,11.65,3055.0,100.0,0.0,0.0,0.0,4.99,193.4,1150.86,1150.8
409,4.951,1868.0,14.35,3058.0,100.0,0.0,0.0,0.0,4.951,195.58,1143.87,1149.46
410,4.969,1882.0,20.79,3060.0,100.0,0.0,0.0,0.0,4.969,195.42,1154.56,1149.21
411,4.965,1833.0,17.63,3059.0,100.0,0.0,0.0,0.0,4.965,197.44,1148.68,1147.53
412,4.94,1881.0,17.6,3058.0,100.0,0.0,709.0,0.22,4.94,194.87,1148.04,1153.63
413,4.953,1886.0,15.51,3058.0,100.0,0.0,0.0,0.0,4.953,193.63,1145.23,1146.38
414,4.911,1878.0,19.25,3061.0,100.0,0.0,0.0,0.0,4.911,193.27,1150.64,1153.02
415,4.978,1892.0,11.84,3055.0,100.0,0.0,0.0,0.0,4.978,190.27,1138.01,1151.39
416,4.974,1854.0,14.92,3058.0,100.0,0.0,0.0,0.0,4.974,197.72,1153.04,1146.31
417,4.94,1787.0,18.27,3061.0,100.0,0.0,0.0,0.0,4.94,200.29,1144.97,1150.49
418,4.987,1899.0,11.97,3055.0,100.0,0.0,0.0,0.0,4.987,194.2,1155.71,1149.91
419,4.969,1867.0,14.35,3058.0,100.0,0.0,0.0,0.0,4.969,193.41,1144.23,1147.59
420,4.97,1933.0,13.37,3055.0,100.0,0.0,0.0,0.0,4.97,194.31,1145.94,1151.56
421,4.947,1885.0,16.57,3059.0,100.0,0.0,0.0,0.0,4.947,192.65,1148.88,1159.74
422,4.979,1894.0,14.17,3057.0,100.0,0.0,0.0,0.0,4.979,197.11,1147.46,1151.86
423,4.948,1882.0,13.7,3057.0,100.0,0.0,0.0,0.0,4.948,190.66,1146.08,1149.28
424,4.901,1935.0,18.58,3060.0,100.0,0.0,0.0,0.0,4.901,192.98,1148.58,1148.76
425,4.952,1874.0,15.23,3058.0,100.0,0.0,0.0,0.0,4.952,191.69,1146.17,1144.51
426,4.957,1909.0,14.11,3057.0,100.0,0.0,0.0,0.0,4.957,192.73,1148.23,1153.43
427,4.966,1856.0,14.96,3059.0,100.0,0.0,0.0,0.0,4.966,195.2,1148.58,1147.03
428,4.957,1939.0,15.99,3057.0,100.0,0.0,0.0,0.0,4.957,193.66,1144.67,1152.72
429,4.88,1886.0,22.73,3065.0,100.0,0.0,0.0,0.0,4.88,195.34,1145.58,1151.95
430,4.954,1945.0,15.15,3057.0,100.0,0.0,0.0,0.0,4.954,192.97,1151.88,1152.63
431,4.95,1950.0,12.52,3056.0,100.0,0.0,0.0,0.0,4.95,169.49,1145.47,1151.18
432,4.954,1857.0,13.29,3056.0,100.0,0.0,0.0,0.0,4.954,180.69,1144.53,1150.79
433,4.951,1906.0,15.64,3057.0,100.0,0.0,714.0,0.41,4.951,191.58,1151.4,1146.19
434,4.962,1961.0,12.08,3055.0,100.0,0.0,0.0,0.0,4.962,193.19,1143.43,1142.42
435,4.946,1879.0,19.79,3060.0,100.0,0.0,0.0,0.0,4.946,196.03,1150.81,1158.31
436,4.948,1873.0,16.16,3058.0,100.0,0.0,0.0,0.0,4.948,193.65,1148.77,1151.03
437,4.941,1872.0,17.13,3059.0,100.0,0.0,0.0,0.0,4.941,196.94,1147.84,1148.17
438,4.987,1938.0,11.74,3055.0,100.0,0.0,0.0,0.0,4.987,193.38,1142.24,1150.81
439,4.957,1869.0,14.08,3058.0,100.0,0.0,0.0,0.0,4.957,190.67,1152.27,1151.32
440,4.963,1872.0,21.69,3059.0,100.0,0.0,0.0,0.0,4.963,198.48,1144.18,1149.83
441,4.993,1854.0,15.97,3058.0,100.0,0.0,0.0,0.0,4.993,196.98,1151.1,1151.98
442,4.94,1853.0,17.6,3060.0,100.0,0.0,0.0,0.0,4.94,197.55,1145.81,1148.6
443,4.912,1898.0,19.62,3061.0,100.0,0.0,0.0,0.0,4.912,195.69,1150.13,1152.79
444,4.969,1829.0,15.13,3057.0,100.0,0.0,714.0,0.41,4.969,195.28,1139.48,1149.27
445,4.971,1861.0,14.89,3059.0,100.0,0.0,0.0,0.0,4.971,192.84,1150.46,1144.74
446,4.944,1893.0,15.45,3058.0,100.0,0.0,0.0,0.0,4.944,191.95,1148.16,1154.34
447,4.966,1774.0,15.03,3061.0,100.0,0.0,0.0,0.0,4.966,200.44,1149.36,1156.89
448,4.962,1837.0,15.6,3058.0,100.0,0.0,0.0,0.0,4.962,198.19,1148.62,1148.68
449,4.972,1830.0,14.12,3057.0,100.0,0.0,0.0,0.0,4.972,195.47,1137.52,1148.23
450,4.959,1931.0,13.79,3057.0,100.0,0.0,0.0,0.0,4.959,192.1,1153.32,1150.52
451,4.937,1859.0,17.42,3062.0,100.0,0.0,0.0,0.0,4.937,194.13,1148.63,1145.94
452,4.889,1874.0,21.03,3062.0,100.0,0.0,0.0,0.0,4.889,193.68,1146.0,1153.71
453,4.929,1932.0,17.52,3060.0,100.0,0.0,0.0,0.0,4.929,192.31,1149.58,1151.48
454,4.946,1915.0,15.08,3058.0,100.0,0.0,0.0,0.0,4.946,190.65,1146.65,1146.0
455,4.957,1845.0,16.03,3058.0,100.0,0.0,0.0,0.0,4.957,197.42,1146.7,1149.99
456,4.962,1850.0,15.66,3058.0,100.0,0.0,0.0,0.0,4.962,197.01,1143.71,1148.82
457,4.939,1834.0,17.59,3061.0,100.0,0.0,0.0,0.0,4.939,197.43,1152.26,1152.45
458,4.966,1887.0,14.4,3058.0,100.0,0.0,0.0,0.0,4.966,194.89,1146.53,1153.88
459,4.997,1859.0,15.01,3059.0,100.0,0.0,0.0,0.0,4.997,198.49,1148.5,1159.48
460,4.946,1853.0,16.25,3059.0,100.0,0.0,0.0,0.0,4.946,196.64,1146.52,1152.07
461,4.969,1836.0,14.95,3058.0,100.0,0.0,0.0,0.0,4.969,200.0,1144.03,1148.74
462,4.962,1859.0,24.91,3060.0,100.0,0.0,0.0,0.0,4.962,166.71,1154.77,1150.6
463,4.977,1850.0,13.77,3057.0,100.0,0.0,0.0,0.0,4.977,190.95,1145.85,1150.23
464,4.98,1833.0,14.2,3057.0,100.0,0.0,0.0,0.0,4.98,196.9,1148.45,1143.91
465,4.969,1861.0,14.52,3057.0,100.0,0.0,0.0,0.0,4.969,193.47,1142.74,1155.23
466,4.938,1890.0,19.21,3061.0,100.0,0.0,0.0,0.0,4.938,198.6,1157.31,1145.71
467,4.982,1821.0,18.26,3060.0,100.0,0.001,712.0,0.53,4.983,200.47,1146.34,1158.1
468,4.96,1872.0,17.03,3059.0,100.0,0.0,0.0,0.0,4.96,197.73,1149.58,1153.19
469,4.898,1841.0,28.44,3066.0,100.0,0.0,0.0,0.0,4.898,200.11,1151.81,1149.22
470,4.934,1899.0,17.73,3058.0,100.0,0.0,0.0,0.0,4.934,196.04,1143.84,1146.1
471,4.96,1875.0,15.71,3058.0,100.0,0.0,0.0,0.0,4.96,195.05,1149.03,1151.01
472,4.983,1817.0,14.24,3059.0,100.0,0.0,0.0,0.0,4.983,196.4,1152.69,1152.41
473,5.229,1881.0,23.1,3056.0,100.0,0.0,0.0,0.0,5.229,199.68,1143.97,1150.23
474,4.938,1825.0,18.59,3062.0,100.0,0.0,0.0,0.0,4.938,195.05,1154.72,1148.34
475,4.914,1945.0,17.86,3059.0,100.0,0.0,0.0,0.0,4.914,191.94,1141.44,1151.39
476,4.921,1900.0,22.45,3064.0,100.0,0.0,710.0,0.43,4.921,196.2,1156.18,1150.18
477,4.926,1878.0,18.55,3061.0,100.0,0.0,0.0,0.0,4.926,197.55,1143.42,1148.84
478,4.932,1812.0,18.46,3063.0,100.0,0.0,0.0,0.0,4.932,194.31,1153.67,1153.18
479,5.004,1807.0,14.86,3059.0,100.0,0.0,0.0,0.0,5.004,198.83,1155.77,1149.6
480,4.982,1906.0,12.78,3056.0,100.0,0.0,0.0,0.0,4.982,193.74,1143.3,1153.37
481,4.962,1860.0,15.22,3058.0,100.0,0.0,0.0,0.0,4.962,194.72,1149.49,1147.26
482,4.98,1948.0,11.56,3055.0,100.0,0.0,0.0,0.0,4.98,192.7,1142.17,1148.84
483,4.977,1892.0,16.18,3058.0,100.0,0.0,0.0,0.0,4.977,196.39,1147.41,1154.87
484,4.985,1997.0,11.45,3055.0,100.0,0.0,0.0,0.0,4.985,192.14,1142.58,1148.65
485,4.93,1963.0,17.97,3058.0,100.0,0.0,0.0,0.0,4.93,196.28,1149.48,1145.16
486,4.97,1947.0,13.22,3056.0,100.0,0.0,0.0,0.0,4.97,194.25,1149.39,1152.31
487,4.917,1837.0,20.1,3062.0,100.0,0.0,0.0,0.0,4.917,196.71,1146.6,1148.73
488,4.912,1916.0,18.46,3060.0,100.0,0.0,0.0,0.0,4.912,193.37,1150.3,1142.98
489,4.967,1846.0,15.77,3059.0,100.0,0.0,0.0,0.0,4.967,195.11,1149.95,1155.51
490,4.956,1800.0,15.77,3060.0,100.0,0.0,0.0,0.0,4.956,200.76,1148.01,1154.9
491,4.962,1860.0,17.11,3059.0,100.0,0.0,0.0,0.0,4.962,200.06,1151.39,1148.57
492,4.932,1865.0,18.03,3060.0,100.0,0.0,715.0,0.51,4.932,195.33,1151.64,1150.0
493,4.947,1808.0,13.85,3058.0,100.0,0.0,0.0,0.0,4.947,165.34,1148.52,1147.65
494,4.968,1938.0,14.02,3057.0,100.0,0.0,0.0,0.0,4.968,195.39,1147.77,1151.57
495,4.934,1875.0,18.06,3060.0,100.0,0.0,0.0,0.0,4.934,196.09,1138.56,1148.9
496,4.958,1858.0,16.4,3059.0,100.0,0.0,0.0,0.0,4.958,200.48,1156.13,1150.1
497,4.996,1835.0,12.65,3056.0,100.0,0.0,0.0,0.0,4.996,195.8,1140.8,1150.39
498,4.957,1876.0,15.45,3058.0,100.0,0.0,0.0,0.0,4.957,196.19,1149.29,1142.89
499,4.96,1868.0,22.64,3060.0,100.0,0.0,0.0,0.0,4.96,196.56,1150.69,1154.44
500,5.005,1983.0,14.1,3055.0,100.0,0.001,713.0,0.31,5.006,196.58,1148.21,1145.98
501,4.96,1926.0,15.0,3057.0,100.0,0.0,0.0,0.0,4.96,192.78,1145.62,1149.93
502,4.987,1966.0,12.21,3055.0,100.0,0.0,0.0,0.0,4.987,192.26,1145.25,1147.29
503,4.974,1909.0,14.89,3057.0,100.0,0.0,0.0,0.0,4.974,195.92,1146.61,1149.48
504,4.979,1916.0,13.18,3056.0,100.0,0.0,0.0,0.0,4.979,192.87,1144.79,1148.84
505,4.971,1839.0,18.34,3059.0,100.0,0.0,710.0,0.22,4.971,197.44,1145.97,1151.95
506,4.973,1885.0,15.3,3057.0,100.0,0.0,0.0,0.0,4.973,197.27,1150.21,1158.24
507,4.956,1872.0,17.72,3058.0,100.0,0.0,0.0,0.0,4.956,196.58,1152.64,1150.36
508,4.979,1852.0,13.73,3056.0,100.0,0.0,0.0,0.0,4.979,196.65,1145.28,1151.81
509,4.975,1932.0,14.65,3057.0,100.0,0.0,0.0,0.0,4.975,194.27,1144.14,1143.56
510,4.941,1893.0,17.75,3059.0,100.0,0.0,0.0,0.0,4.941,197.29,1152.93,1153.7
511,4.993,1831.0,12.97,3057.0,100.0,0.0,0.0,0.0,4.993,195.71,1138.89,1150.15
512,4.944,1878.0,18.5,3060.0,100.0,0.0,0.0,0.0,4.944,196.38,1154.72,1143.83
513,5.005,1811.0,13.47,3057.0,100.0,0.0,0.0,0.0,5.005,200.54,1148.95,1157.52
514,4.936,1849.0,17.99,3059.0,100.0,0.0,0.0,0.0,4.936,199.01,1144.2,1138.42
515,4.965,1891.0,17.12,3059.0,100.0,0.0,0.0,0.0,4.965,199.58,1146.43,1151.5
516,4.94,1863.0,18.26,3060.0,100.0,0.0,0.0,0.0,4.94,197.19,1154.96,1155.24
517,4.953,1845.0,17.12,3059.0,100.0,0.0,0.0,0.0,4.953,198.61,1147.02,1153.59
518,4.974,1841.0,16.27,3059.0,100.0,0.0,0.0,0.0,4.974,201.95,1145.29,1148.23
519,5.015,1835.0,12.53,3056.0,100.0,0.0,0.0,0.0,5.015,193.82,1153.12,1149.61
520,4.969,1884.0,14.67,3057.0,100.0,0.0,0.0,0.0,4.969,196.18,1145.24,1148.3
521,4.984,1860.0,13.35,3056.0,100.0,0.0,0.0,0.0,4.984,192.35,1136.74,1149.52
522,4.986,1903.0,14.83,3057.0,100.0,0.0,0.0,0.0,4.986,198.81,1150.27,1150.81
523,4.982,1927.0,13.46,3057.0,100.0,0.0,0.0,0.0,4.982,186.5,1147.35,1145.47
524,4.9,1871.0,18.99,3061.0,100.0,0.0,0.0,0.0,4.9,165.99,1151.65,1151.68
525,4.893,1895.0,18.95,3038.0,98.43,0.0,0.0,0.0,4.893,195.26,1151.76,1144.79
526,4.931,1962.0,19.13,3060.0,100.0,0.0,0.0,0.0,4.931,195.69,1140.07,1158.74
527,4.98,1884.0,14.59,3057.0,100.0,0.0,0.0,0.0,4.98,198.46,1155.03,1146.11
528,4.956,1898.0,16.65,3059.0,100.0,0.0,0.0,0.0,4.956,198.11,1143.28,1153.94
529,4.979,1888.0,21.31,3058.0,100.0,0.0,0.0,0.0,4.979,197.9,1145.2,1148.04
530,4.926,1910.0,18.06,3059.0,100.0,0.0,0.0,0.0,4.926,195.46,1152.52,1146.13
531,5.002,1958.0,13.12,3055.0,100.0,0.0,713.0,0.31,5.002,193.62,1146.45,1147.84
532,4.954,1866.0,17.31,3059.0,100.0,0.0,0.0,0.0,4.954,198.21,1143.03,1154.72
533,4.973,1850.0,15.94,3058.0,100.0,0.0,0.0,0.0,4.973,199.88,1145.31,1148.64
534,4.965,1867.0,16.47,3058.0,100.0,0.0,0.0,0.0,4.965,193.79,1146.31,1149.69
535,4.97,1879.0,15.98,3059.0,100.0,0.0,0.0,0.0,4.97,199.45,1155.32,1142.97
536,5.0,1852.0,13.24,3056.0,100.0,0.0,0.0,0.0,5.0,197.49,1145.33,1160.04
537,4.967,1822.0,15.81,3058.0,100.0,0.0,0.0,0.0,4.967,198.44,1145.12,1138.75
538,4.984,1819.0,16.13,3058.0,100.0,0.0,710.0,0.22,4.984,198.62,1153.27,1159.19
539,5.012,1969.0,12.78,3055.0,100.0,0.0,0.0,0.0,5.012,197.15,1136.77,1149.82
540,4.999,1966.0,12.54,3055.0,100.0,0.0,0.0,0.0,4.999,195.6,1152.81,1146.68
541,4.961,1969.0,14.47,3057.0,100.0,0.0,0.0,0.0,4.961,193.09,1140.53,1152.24
542,4.954,1943.0,15.23,3058.0,100.0,0.0,0.0,0.0,4.954,195.55,1154.99,1149.34
543,4.99,1832.0,14.14,3057.0,100.0,0.0,0.0,0.0,4.99,197.91,1146.18,1150.19
544,4.947,1861.0,17.33,3062.0,100.0,0.0,0.0,0.0,4.947,196.06,1146.25,1147.24
545,4.939,1890.0,17.04,3060.0,100.0,0.0,0.0,0.0,4.939,193.17,1146.88,1148.35
546,4.915,1885.0,20.43,3061.0,100.0,0.0,0.0,0.0,4.915,198.87,1152.07,1148.46
547,4.989,1855.0,15.74,3057.0,100.0,0.0,0.0,0.0,4.989,198.08,1140.1,1149.81
548,4.976,1873.0,15.25,3058.0,100.0,0.0,0.0,0.0,4.976,197.37,1147.57,1149.26
549,4.951,1898.0,18.26,3059.0,100.0,0.0,0.0,0.0,4.951,197.1,1147.22,1151.26
550,4.963,1848.0,17.94,3060.0,100.0,0.0,0.0,0.0,4.963,200.12,1159.03,1151.22
551,4.993,1958.0,13.33,3055.0,100.0,0.0,714.0,0.41,4.993,194.52,1138.39,1148.48
552,4.939,1863.0,18.52,3061.0,100.0,0.0,0.0,0.0,4.939,197.99,1155.43,1146.86
553,4.985,1862.0,14.0,3057.0,100.0,0.0,0.0,0.0,4.985,196.09,1143.56,1152.99
554,4.926,1855.0,17.77,3059.0,100.0,0.0,0.0,0.0,4.926,184.7,1144.71,1146.02
555,4.95,1933.0,14.11,3058.0,100.0,0.0,0.0,0.0,4.95,171.71,1149.61,1151.28
556,4.928,1918.0,19.04,3059.0,100.0,0.0,0.0,0.0,4.928,196.14,1155.66,1141.45
557,4.908,1906.0,21.21,3062.0,100.0,0.0,0.0,0.0,4.908,193.58,1146.93,1152.64
558,4.969,1879.0,20.47,3060.0,100.0,0.0,0.0,0.0,4.969,198.9,1147.81,1150.2
559,4.969,1970.0,15.57,3057.0,100.0,0.0,0.0,0.0,4.969,195.39,1149.32,1142.81
560,4.993,1973.0,11.63,3055.0,100.0,0.0,0.0,0.0,4.993,196.16,1141.46,1157.46
561,4.962,1819.0,17.74,3061.0,100.0,0.0,0.0,0.0,4.962,196.88,1150.99,1150.77
562,4.945,1866.0,17.88,3060.0,100.0,0.0,0.0,0.0,4.945,198.1,1145.97,1151.55
563,4.98,1934.0,16.6,3057.0,100.0,0.001,714.0,0.41,4.981,198.55,1149.34,1147.58
564,4.97,1816.0,17.04,3062.0,100.0,0.0,0.0,0.0,4.97,198.16,1141.88,1148.85
565,4.994,1906.0,13.65,3056.0,100.0,0.0,0.0,0.0,4.994,197.63,1154.24,1145.76
566,4.939,1857.0,18.77,3060.0,100.0,0.0,0.0,0.0,4.939,199.29,1142.63,1154.86
567,5.002,1966.0,12.26,3055.0,100.0,0.0,0.0,0.0,5.002,193.59,1149.85,1147.35
568,4.957,1916.0,16.48,3059.0,100.0,0.0,0.0,0.0,4.957,193.76,1149.07,1151.47
569,4.938,1829.0,18.55,3061.0,100.0,0.0,0.0,0.0,4.938,200.88,1139.97,1150.23
570,4.984,1830.0,16.67,3058.0,100.0,0.0,0.0,0.0,4.984,201.74,1152.37,1147.68
571,4.979,1816.0,17.15,3059.0,100.0,0.0,0.0,0.0,4.979,202.64,1147.82,1146.86
572,4.997,1905.0,13.63,3056.0,100.0,0.0,0.0,0.0,4.997,196.06,1149.08,1155.92
573,4.937,1888.0,19.94,3061.0,100.0,0.0,0.0,0.0,4.937,199.46,1151.34,1143.65
574,4.968,1926.0,15.02,3058.0,100.0,0.0,0.0,0.0,4.968,196.47,1139.73,1151.93
575,4.927,1861.0,20.18,3061.0,100.0,0.0,0.0,0.0,4.927,199.64,1155.88,1148.88
576,4.953,1922.0,15.8,3057.0,100.0,0.0,0.0,0.0,4.953,193.91,1144.04,1141.17
577,4.983,1823.0,16.64,3060.0,100.0,0.0,0.0,0.0,4.983,203.42,1148.52,1160.12
578,4.982,1927.0,15.93,3058.0,100.0,0.0,0.0,0.0,4.982,198.43,1145.56,1148.27
579,4.97,1891.0,17.66,3060.0,100.0,0.0,0.0,0.0,4.97,201.1,1157.13,1151.4
580,5.008,1835.0,14.9,3059.0,100.0,0.0,0.0,0.0,5.008,200.26,1144.2,1154.13
581,4.939,1890.0,17.97,3059.0,100.0,0.0,0.0,0.0,4.939,197.97,1150.03,1147.98
582,4.958,1876.0,16.66,3058.0,100.0,0.0,0.0,0.0,4.958,196.73,1143.09,1149.8
583,5.011,1900.0,12.63,3056.0,100.0,0.0,0.0,0.0,5.011,195.28,1148.38,1149.91
584,4.967,1814.0,17.75,3061.0,100.0,0.0,0.0,0.0,4.967,206.77,1148.74,1151.71
585,4.969,1876.0,15.73,3060.0,100.0,0.0,0.0,0.0,4.969,178.83,1144.82,1155.84
586,4.918,1859.0,17.36,3059.0,100.0,0.0,0.0,0.0,4.918,175.8,1142.98,1141.55
587,4.976,1882.0,15.64,3057.0,100.0,0.0,0.0,0.0,4.976,200.2,1147.44,1151.67
588,4.992,1871.0,21.04,3058.0,100.0,0.0,0.0,0.0,4.992,200.49,1152.66,1153.54
589,4.881,1885.0,23.32,3062.0,100.0,0.0,0.0,0.0,4.881,197.83,1146.1,1141.04
590,4.946,1900.0,16.64,3058.0,100.0,0.0,0.0,0.0,4.946,195.63,1148.61,1155.51
591,4.958,1879.0,18.19,3059.0,100.0,0.0,0.0,0.0,4.958,199.08,1140.11,1147.3
592,5.254,1915.0,19.96,3053.0,100.0,0.0,0.0,0.0,5.254,199.59,1156.48,1150.61
593,4.996,1835.0,14.04,3057.0,100.0,0.0,0.0,0.0,4.996,197.22,1144.49,1153.73
594,4.964,1809.0,16.94,3060.0,100.0,0.0,0.0,0.0,4.964,201.28,1152.81,1151.25
595,4.967,1899.0,17.81,3058.0,100.0,0.001,713.0,0.63,4.968,199.79,1146.96,1147.65
596,4.917,1838.0,20.84,3062.0,100.0,0.0,0.0,0.0,4.917,199.9,1149.9,1151.11
597,4.961,1930.0,15.46,3057.0,100.0,0.0,0.0,0.0,4.961,195.67,1140.96,1149.86
598,4.984,1896.0,13.77,3056.0,100.0,0.0,0.0,0.0,4.984,197.8,1152.34,1149.16
599,5.007,1925.0,11.94,3055.0,100.0,0.0,0.0,0.0,5.007,194.09,1139.57,1150.11
600,4.937,1888.0,17.78,3059.0,100.0,0.0,0.0,0.0,4.937,199.96,1143.35,1147.75
601,4.997,1926.0,12.27,3055.0,100.0,0.0,0.0,0.0,4.997,195.97,1151.56,1151.14
602,4.957,1815.0,17.26,3059.0,100.0,0.0,0.0,0.0,4.957,201.81,1142.93,1150.64
603,4.982,1826.0,14.61,3057.0,100.0,0.0,0.0,0.0,4.982,200.33,1154.92,1150.41
604,4.991,1883.0,13.09,3056.0,100.0,0.0,0.0,0.0,4.991,196.73,1141.31,1150.02
605,4.923,1925.0,19.03,3060.0,100.0,0.0,0.0,0.0,4.923,197.03,1148.22,1143.65
606,4.95,1838.0,16.31,3058.0,100.0,0.0,0.0,0.0,4.95,198.38,1150.75,1157.24
607,4.977,1936.0,13.73,3056.0,100.0,0.0,0.0,0.0,4.977,195.56,1150.17,1146.3
608,4.944,1893.0,17.39,3059.0,100.0,0.0,0.0,0.0,4.944,199.59,1147.16,1146.8
609,4.94,1836.0,17.54,3060.0,100.0,0.0,0.0,0.0,4.94,201.0,1148.61,1155.42
610,4.915,1874.0,20.69,3061.0,100.0,0.0,0.0,0.0,4.915,196.75,1146.66,1145.86
611,4.988,1905.0,12.7,3055.0,100.0,0.002,715.0,0.51,4.99,197.03,1144.2,1144.27
612,4.957,1934.0,15.55,3058.0,100.0,0.0,0.0,0.0,4.957,198.46,1142.27,1157.37
613,4.963,1836.0,17.36,3059.0,100.0,0.0,0.0,0.0,4.963,197.81,1154.14,1150.28
614,4.941,1855.0,18.4,3060.0,100.0,0.0,0.0,0.0,4.941,200.64,1148.54,1141.13
615,4.984,1892.0,15.18,3058.0,100.0,0.0,0.0,0.0,4.984,199.47,1147.68,1154.26
616,4.97,1892.0,13.37,3057.0,100.0,0.0,0.0,0.0,4.97,174.24,1145.43,1154.13
617,4.942,1877.0,22.31,3059.0,100.0,0.0,0.0,0.0,4.942,185.52,1153.55,1147.66
618,4.967,1866.0,16.49,3058.0,100.0,0.0,0.0,0.0,4.967,197.1,1134.77,1151.83
619,4.98,1934.0,16.74,3056.0,100.0,0.003,713.0,0.63,4.983,200.92,1152.73,1146.36
620,4.922,1854.0,19.08,3062.0,99.86,0.0,709.0,0.22,4.922,197.15,1150.37,1149.57
621,4.947,1940.0,18.0,3058.0,100.0,0.002,712.0,0.32,4.949,196.74,1147.63,1144.58
622,4.96,1885.0,16.57,3060.0,100.0,0.0,0.0,0.0,4.96,194.88,1147.72,1157.11
623,4.993,1875.0,14.88,3059.0,100.0,0.0,0.0,0.0,4.993,201.75,1150.53,1154.49
624,4.969,1804.0,16.89,3060.0,100.0,0.0,0.0,0.0,4.969,204.27,1151.29,1151.42
625,4.963,1802.0,18.21,3061.0,100.0,0.0,0.0,0.0,4.963,202.84,1143.16,1151.04
626,4.961,1896.0,17.88,3058.0,100.0,0.0,0.0,0.0,4.961,197.54,1147.36,1150.88
627,4.926,1840.0,19.35,3062.0,100.0,0.0,0.0,0.0,4.926,201.12,1152.49,1142.22
628,4.98,1887.0,16.85,3058.0,100.0,0.0,0.0,0.0,4.98,201.76,1150.37,1152.33
629,4.999,1931.0,12.53,3055.0,100.0,0.0,0.0,0.0,4.999,196.26,1146.36,1153.29
630,4.993,1883.0,12.6,3055.0,100.0,0.0,0.0,0.0,4.993,197.39,1148.11,1145.95
631,4.925,1889.0,19.57,3060.0,100.0,0.0,0.0,0.0,4.925,196.38,1140.59,1155.31
632,4.966,1919.0,15.59,3060.0,100.0,0.0,0.0,0.0,4.966,196.22,1159.36,1152.38
633,4.899,1879.0,23.07,3063.0,100.0,0.0,0.0,0.0,4.899,200.22,1150.92,1149.65
634,4.979,1891.0,14.41,3057.0,100.0,0.0,0.0,0.0,4.979,200.13,1145.95,1142.93
635,4.956,1856.0,17.66,3059.0,100.0,0.0,0.0,0.0,4.956,201.76,1146.94,1152.97
636,4.949,1865.0,17.6,3060.0,100.0,0.0,0.0,0.0,4.949,197.3,1148.56,1153.01
637,4.983,1966.0,13.34,3056.0,100.0,0.0,0.0,0.0,4.983,192.39,1150.54,1144.51
638,4.97,1867.0,17.56,3059.0,100.0,0.0,0.0,0.0,4.97,202.3,1147.32,1155.96
639,4.99,1855.0,14.11,3057.0,100.0,0.0,0.0,0.0,4.99,199.31,1149.5,1148.95
640,4.935,1860.0,19.89,3060.0,100.0,0.0,0.0,0.0,4.935,199.02,1147.29,1150.71
641,4.962,1920.0,15.38,3058.0,100.0,0.0,0.0,0.0,4.962,197.97,1151.01,1147.47
642,4.981,1922.0,16.34,3057.0,100.0,0.0,0.0,0.0,4.981,199.27,1145.72,1154.96
643,4.98,1896.0,16.11,3058.0,100.0,0.0,0.0,0.0,4.98,200.62,1146.05,1151.8
644,4.98,1843.0,15.94,3058.0,100.0,0.0,0.0,0.0,4.98,201.97,1150.14,1148.33
645,4.943,1914.0,17.8,3058.0,100.0,0.0,0.0,0.0,4.943,197.82,1147.89,1142.59
646,4.985,1847.0,15.67,3058.0,100.0,0.0,0.0,0.0,4.985,201.98,1146.93,1150.41
647,4.932,1860.0,23.9,3060.0,100.0,0.0,0.0,0.0,4.932,171.31,1145.23,1156.19
648,4.974,1904.0,14.82,3057.0,100.0,0.0,0.0,0.0,4.974,194.21,1153.56,1148.95
649,4.983,1839.0,16.12,3058.0,100.0,0.0,0.0,0.0,4.983,202.83,1146.99,1150.36
650,4.929,1889.0,20.65,3061.0,100.0,0.0,713.0,0.31,4.929,201.6,1140.52,1149.93
651,4.974,1855.0,15.39,3058.0,100.0,0.0,0.0,0.0,4.974,198.77,1148.09,1150.99
652,4.935,1886.0,19.12,3060.0,100.0,0.0,0.0,0.0,4.935,200.9,1154.1,1147.89
653,4.953,1836.0,18.16,3061.0,100.0,0.0,0.0,0.0,4.953,203.57,1153.21,1153.4
654,4.942,1866.0,18.41,3060.0,100.0,0.0,0.0,0.0,4.942,196.05,1140.93,1150.67
655,4.931,1884.0,19.5,3060.0,100.0,0.0,0.0,0.0,4.931,197.52,1154.03,1150.02
656,4.954,1878.0,16.85,3058.0,100.0,0.0,0.0,0.0,4.954,201.47,1147.08,1142.64
657,4.946,1862.0,18.8,3060.0,100.0,0.0,0.0,0.0,4.946,202.49,1141.9,1158.23
658,4.955,1836.0,20.32,3061.0,100.0,0.0,0.0,0.0,4.955,203.4,1160.22,1149.76
659,4.959,1885.0,17.09,3059.0,100.0,0.0,0.0,0.0,4.959,202.44,1146.71,1144.21
660,4.976,1873.0,16.64,3058.0,100.0,0.0,0.0,0.0,4.976,197.76,1137.39,1158.72
661,4.99,1882.0,14.09,3057.0,100.0,0.0,0.0,0.0,4.99,200.04,1149.19,1151.39
662,4.948,1850.0,18.13,3063.0,100.0,0.0,0.0,0.0,4.948,199.01,1153.43,1154.73
663,4.971,1847.0,17.12,3059.0,100.0,0.0,0.0,0.0,4.971,201.01,1149.09,1150.69
664,4.992,1871.0,14.59,3057.0,100.0,0.0,0.0,0.0,4.992,200.07,1142.55,1151.59
665,4.977,1873.0,16.22,3058.0,100.0,0.0,0.0,0.0,4.977,200.78,1150.19,1149.76
666,4.948,1908.0,17.58,3059.0,100.0,0.0,0.0,0.0,4.948,199.23,1147.61,1142.79
667,4.978,1865.0,16.58,3059.0,100.0,0.0,0.0,0.0,4.978,204.42,1148.81,1154.67
668,4.969,1832.0,15.8,3058.0,100.0,0.0,0.0,0.0,4.969,198.5,1143.75,1149.1
669,4.943,1844.0,17.48,3059.0,100.0,0.0,0.0,0.0,4.943,197.86,1142.92,1147.15
670,4.976,1908.0,15.92,3057.0,100.0,0.0,712.0,0.32,4.976,201.6,1156.37,1145.49
671,4.999,1938.0,13.79,3056.0,100.0,0.0,0.0,0.0,4.999,196.73,1146.93,1151.94
672,4.98,1820.0,14.94,3058.0,100.0,0.0,0.0,0.0,4.98,200.0,1142.18,1151.58
673,4.941,1893.0,19.94,3061.0,100.0,0.0,0.0,0.0,4.941,198.92,1147.26,1149.36
674,4.994,1842.0,15.11,3057.0,100.0,0.0,0.0,0.0,4.994,203.24,1157.15,1152.89
675,4.967,1867.0,15.56,3058.0,100.0,0.0,0.0,0.0,4.967,197.47,1142.22,1148.41
676,5.0,1867.0,14.33,3058.0,100.0,0.0,0.0,0.0,5.0,201.74,1150.11,1155.56
677,5.013,1932.0,18.52,3056.0,100.0,0.0,0.0,0.0,5.013,199.47,1149.08,1147.26
678,4.906,1844.0,18.31,3061.0,100.0,0.0,0.0,0.0,4.906,162.15,1140.48,1142.94
679,4.919,1856.0,22.63,3063.0,100.0,0.0,712.0,0.31,4.919,200.48,1154.16,1157.49
680,4.975,1880.0,17.06,3059.0,100.0,0.0,0.0,0.0,4.975,200.76,1145.38,1151.48
681,4.928,1842.0,19.75,3061.0,100.0,0.0,0.0,0.0,4.928,203.21,1158.38,1147.04
682,5.01,1894.0,15.94,3057.0,100.0,0.0,710.0,0.22,5.01,200.24,1146.35,1149.3
683,4.948,1871.0,18.12,3059.0,100.0,0.0,0.0,0.0,4.948,198.74,1146.27,1152.42
684,4.973,1910.0,15.6,3057.0,100.0,0.0,0.0,0.0,4.973,196.9,1137.66,1148.12
685,4.892,1870.0,22.57,3062.0,99.85,0.0,0.0,0.0,4.892,202.61,1152.69,1150.73
686,4.94,1837.0,18.82,3061.0,100.0,0.0,0.0,0.0,4.94,198.54,1154.91,1141.32
687,4.953,1956.0,16.24,3059.0,100.0,0.0,0.0,0.0,4.953,194.12,1139.4,1150.44
688,4.893,1867.0,22.71,3063.0,100.0,0.0,0.0,0.0,4.893,199.96,1152.82,1148.48
689,4.974,1878.0,17.33,3059.0,100.0,0.0,0.0,0.0,4.974,203.22,1146.21,1157.96
690,4.96,1859.0,16.3,3059.0,100.0,0.0,0.0,0.0,4.96,198.02,1148.0,1149.01
691,4.938,1879.0,21.53,3062.0,100.0,0.0,709.0,0.22,4.938,201.93,1156.2,1146.2
692,5.025,1875.0,20.28,3057.0,100.0,0.0,0.0,0.0,5.025,201.22,1144.45,1149.05
693,4.96,1896.0,17.43,3058.0,100.0,0.0,0.0,0.0,4.96,202.36,1150.15,1158.2
694,4.972,1937.0,15.31,3057.0,100.0,0.0,0.0,0.0,4.972,196.02,1139.83,1151.62
695,4.97,1944.0,15.15,3057.0,100.0,0.0,0.0,0.0,4.97,198.6,1155.08,1148.91
696,4.983,1948.0,15.29,3058.0,100.0,0.0,0.0,0.0,4.983,199.33,1150.66,1146.6
697,4.962,1843.0,19.44,3059.0,100.0,0.0,0.0,0.0,4.962,202.95,1148.32,1150.5
698,4.965,1859.0,16.35,3059.0,100.0,0.0,0.0,0.0,4.965,203.25,1150.19,1153.83
699,4.96,1879.0,18.64,3061.0,100.0,0.0,0.0,0.0,4.96,201.34,1148.67,1149.45
700,4.92,1870.0,20.24,3060.0,100.0,0.0,0.0,0.0,4.92,200.45,1148.1,1142.45
701,4.953,1851.0,15.98,3059.0,100.0,0.0,0.0,0.0,4.953,199.19,1145.81,1150.12
702,4.941,1840.0,19.4,3060.0,100.0,0.0,0.0,0.0,4.941,198.44,1155.42,1158.23
703,4.974,1863.0,16.75,3059.0,100.0,0.0,0.0,0.0,4.974,205.22,1144.54,1147.03
704,4.952,1917.0,17.22,3058.0,100.0,0.0,0.0,0.0,4.952,197.58,1145.91,1152.93
705,4.993,1840.0,16.32,3058.0,100.0,0.0,0.0,0.0,4.993,201.63,1146.16,1149.19
706,4.999,1865.0,20.98,3058.0,100.0,0.0,0.0,0.0,4.999,205.65,1154.26,1147.89
707,4.92,1859.0,22.63,3062.0,100.0,0.0,712.0,0.32,4.92,201.37,1151.3,1147.59
708,4.971,1915.0,14.03,3057.0,100.0,0.0,0.0,0.0,4.971,195.9,1144.87,1152.3
709,4.879,1885.0,21.52,3062.0,100.0,0.0,0.0,0.0,4.879,169.61,1149.36,1155.39
710,5.228,1899.0,27.01,3057.0,100.0,0.0,0.0,0.0,5.228,203.53,1148.04,1150.15
711,4.972,1933.0,15.67,3057.0,100.0,0.0,0.0,0.0,4.972,200.06,1149.02,1140.98
712,4.982,1887.0,14.31,3057.0,100.0,0.0,0.0,0.0,4.982,200.28,1146.7,1152.66
713,4.955,1858.0,20.12,3061.0,100.0,0.0,710.0,0.22,4.955,201.53,1150.82,1156.1
714,4.948,1881.0,18.28,3058.0,100.0,0.0,0.0,0.0,4.948,199.27,1143.23,1150.62
715,4.971,1870.0,16.27,3058.0,100.0,0.0,0.0,0.0,4.971,201.14,1150.67,1142.73
716,4.987,1900.0,14.65,3056.0,100.0,0.0,0.0,0.0,4.987,197.82,1141.82,1154.54
717,5.006,1783.0,15.19,3059.0,100.0,0.0,0.0,0.0,5.006,207.17,1153.31,1152.82
718,4.946,1878.0,17.81,3059.0,100.0,0.0,0.0,0.0,4.946,198.72,1143.3,1142.51
719,4.981,1890.0,16.0,3057.0,100.0,0.0,0.0,0.0,4.981,196.44,1146.87,1153.91
720,4.974,1874.0,16.37,3059.0,100.0,0.0,0.0,0.0,4.974,204.02,1158.19,1149.94
721,4.965,1940.0,17.9,3058.0,100.0,0.0,0.0,0.0,4.965,205.18,1138.36,1146.75
722,4.964,1862.0,18.58,3060.0,100.0,0.0,0.0,0.0,4.964,201.49,1157.43,1152.65
723,4.998,1869.0,14.82,3057.0,100.0,0.0,0.0,0.0,4.998,201.82,1144.38,1152.89
724,4.984,1859.0,15.62,3058.0,100.0,0.0,0.0,0.0,4.984,201.01,1148.89,1147.71
725,4.954,1897.0,18.8,3059.0,100.0,0.0,0.0,0.0,4.954,201.98,1148.18,1145.17
726,4.949,1810.0,19.85,3062.0,100.0,0.0,0.0,0.0,4.949,204.99,1150.5,1155.73
727,4.938,1905.0,19.25,3059.0,100.0,0.0,0.0,0.0,4.938,199.29,1149.56,1140.26
728,4.952,1899.0,18.46,3059.0,100.0,0.0,0.0,0.0,4.952,201.88,1144.92,1157.41
729,4.991,1865.0,16.41,3058.0,100.0,0.001,714.0,0.41,4.992,202.25,1151.06,1153.39
730,4.962,1849.0,17.43,3059.0,100.0,0.0,0.0,0.0,4.962,201.99,1144.71,1145.74
731,5.009,1806.0,15.76,3058.0,100.0,0.0,0.0,0.0,5.009,205.49,1149.81,1150.92
732,4.921,1927.0,20.37,3060.0,100.0,0.0,0.0,0.0,4.921,197.57,1153.44,1145.49
733,4.925,1822.0,22.74,3064.0,100.0,0.0,0.0,0.0,4.925,205.85,1152.89,1159.71
734,4.963,1857.0,17.45,3059.0,100.0,0.0,0.0,0.0,4.963,203.35,1149.06,1146.55
735,4.999,1829.0,14.45,3057.0,100.0,0.0,0.0,0.0,4.999,205.82,1144.36,1144.71
736,4.972,1865.0,25.96,3060.0,100.0,0.0,713.0,0.63,4.972,204.89,1150.66,1159.85
737,4.937,1890.0,21.09,3062.0,99.96,0.002,708.0,0.22,4.939,205.32,1147.57,1146.36
738,4.974,1891.0,16.42,3059.0,100.0,0.0,0.0,0.0,4.974,199.37,1151.36,1155.7
739,4.956,1845.0,15.96,3058.0,100.0,0.0,0.0,0.0,4.956,186.92,1147.91,1139.84
740,4.942,1928.0,14.11,3057.0,100.0,0.0,0.0,0.0,4.942,172.26,1140.1,1155.11
741,4.933,1888.0,19.57,3060.0,100.0,0.0,0.0,0.0,4.933,201.46,1148.19,1143.51
742,4.962,1906.0,17.49,3059.0,100.0,0.0,0.0,0.0,4.962,203.3,1150.82,1155.22
743,4.978,1890.0,16.54,3059.0,100.0,0.0,0.0,0.0,4.978,200.44,1148.09,1153.7
744,4.94,1822.0,18.91,3061.0,100.0,0.0,0.0,0.0,4.94,204.01,1147.09,1138.72
745,4.964,1851.0,19.85,3060.0,100.0,0.0,0.0,0.0,4.964,203.17,1156.74,1157.95
746,4.962,1828.0,17.99,3061.0,100.0,0.0,0.0,0.0,4.962,202.36,1144.98,1153.47
747,4.941,1895.0,19.32,3059.0,100.0,0.0,0.0,0.0,4.941,203.69,1143.86,1146.93
748,4.938,1890.0,19.02,3060.0,100.0,0.0,0.0,0.0,4.938,199.85,1157.42,1142.43
749,4.951,1923.0,19.98,3059.0,100.0,0.001,712.0,0.32,4.952,202.35,1148.77,1156.64
750,5.005,1957.0,11.89,3054.0,100.0,0.0,0.0,0.0,5.005,196.72,1137.8,1149.03
751,4.982,1838.0,16.36,3059.0,100.0,0.0,0.0,0.0,4.982,204.79,1149.9,1149.23
752,4.985,1877.0,14.26,3056.0,100.0,0.0,0.0,0.0,4.985,198.43,1155.34,1139.46
753,4.942,1902.0,19.38,3060.0,100.0,0.0,0.0,0.0,4.942,203.56,1146.17,1159.92
754,4.97,1887.0,16.6,3058.0,100.0,0.0,0.0,0.0,4.97,201.58,1147.27,1147.34
755,5.002,1888.0,14.65,3057.0,100.0,0.0,0.0,0.0,5.002,200.01,1150.19,1148.73
756,4.953,1892.0,17.58,3058.0,100.0,0.0,0.0,0.0,4.953,201.08,1144.4,1150.36
757,4.983,1923.0,15.45,3056.0,100.0,0.0,0.0,0.0,4.983,198.36,1150.86,1147.49
758,4.948,1939.0,17.93,3059.0,100.0,0.0,0.0,0.0,4.948,199.8,1140.96,1151.54
759,4.963,1892.0,17.38,3062.0,100.0,0.0,0.0,0.0,4.963,200.13,1155.34,1149.78
760,5.023,1782.0,14.79,3059.0,100.0,0.0,0.0,0.0,5.023,205.74,1151.38,1153.94
761,4.971,1881.0,17.2,3058.0,100.0,0.0,0.0,0.0,4.971,202.9,1149.64,1146.33
762,4.975,1856.0,18.06,3059.0,100.0,0.0,0.0,0.0,4.975,204.96,1142.86,1152.35
763,4.952,1862.0,17.48,3058.0,100.0,0.0,0.0,0.0,4.952,197.51,1150.16,1141.09
764,4.896,1890.0,23.07,3062.0,100.0,0.0,0.0,0.0,4.896,201.56,1144.22,1148.61
765,4.969,1955.0,19.98,3058.0,100.0,0.0,0.0,0.0,4.969,200.67,1147.19,1157.89
766,4.974,1889.0,20.64,3059.0,100.0,0.0,0.0,0.0,4.974,200.49,1161.18,1149.49
767,4.949,1954.0,17.56,3058.0,100.0,0.0,0.0,0.0,4.949,199.07,1144.14,1146.13
768,5.006,1820.0,14.51,3056.0,100.0,0.0,713.0,0.32,5.006,201.22,1139.29,1147.23
769,4.989,1889.0,16.45,3058.0,100.0,0.0,0.0,0.0,4.989,203.92,1157.83,1155.31
770,4.986,1824.0,13.95,3057.0,100.0,0.0,0.0,0.0,4.986,188.77,1141.81,1147.24
771,4.924,1894.0,17.61,3059.0,100.0,0.0,0.0,0.0,4.924,180.77,1148.68,1151.94
772,4.962,1885.0,19.1,3060.0,100.0,0.0,0.0,0.0,4.962,203.51,1154.91,1151.45
773,4.96,1781.0,18.09,3061.0,100.0,0.0,0.0,0.0,4.96,203.96,1142.76,1151.89
774,4.945,1875.0,19.76,3060.0,100.0,0.0,0.0,0.0,4.945,204.34,1154.59,1147.21
775,4.968,1858.0,17.32,3061.0,100.0,0.0,0.0,0.0,4.968,201.68,1139.89,1153.52
776,4.959,1887.0,18.23,3059.0,100.0,0.0,0.0,0.0,4.959,199.18,1158.95,1152.23
777,4.96,1829.0,19.25,3063.0,100.0,0.0,0.0,0.0,4.96,207.06,1140.57,1151.91
778,4.937,1923.0,18.09,3059.0,99.82,0.0,0.0,0.0,4.937,197.94,1154.45,1145.73
779,4.958,1882.0,18.31,3059.0,100.0,0.0,0.0,0.0,4.958,199.81,1145.63,1150.43
780,4.949,1842.0,17.95,3060.0,100.0,0.0,0.0,0.0,4.949,204.74,1142.78,1150.69
781,4.974,1870.0,17.47,3059.0,100.0,0.0,0.0,0.0,4.974,204.13,1154.5,1145.44
782,4.985,1924.0,15.8,3057.0,100.0,0.0,0.0,0.0,4.985,201.3,1137.59,1156.72
783,4.994,1848.0,14.74,3058.0,100.0,0.0,0.0,0.0,4.994,202.01,1150.14,1147.11
784,4.96,1807.0,20.89,3061.0,100.0,0.001,713.0,0.63,4.961,208.65,1151.45,1149.49
785,4.986,1946.0,14.33,3056.0,100.0,0.002,708.0,0.22,4.988,200.19,1146.86,1155.3
786,4.989,1824.0,17.15,3060.0,100.0,0.0,0.0,0.0,4.989,205.33,1153.07,1154.45
787,4.989,1867.0,14.94,3057.0,100.0,0.0,0.0,0.0,4.989,203.18,1144.05,1150.86
788,4.967,1903.0,15.6,3057.0,100.0,0.002,714.0,0.42,4.969,197.74,1147.85,1141.36
789,4.949,1864.0,18.6,3059.0,100.0,0.0,0.0,0.0,4.949,199.66,1149.34,1152.32
790,4.971,1871.0,16.33,3059.0,100.0,0.0,0.0,0.0,4.971,205.31,1139.45,1149.42
791,4.979,1845.0,16.51,3059.0,100.0,0.0,0.0,0.0,4.979,201.24,1153.05,1154.62
792,4.991,1947.0,15.87,3057.0,100.0,0.0,0.0,0.0,4.991,200.86,1146.67,1146.58
793,4.911,1901.0,19.63,3060.0,100.0,0.0,0.0,0.0,4.911,200.35,1146.19,1146.25
794,4.976,1921.0,16.4,3058.0,100.0,0.0,0.0,0.0,4.976,203.02,1141.32,1156.08
795,4.984,1918.0,23.14,3059.0,100.0,0.0,0.0,0.0,4.984,202.38,1154.19,1141.24
796,5.08,1877.0,32.14,3059.0,100.0,0.0,0.0,0.0,5.08,204.17,1140.37,1159.19
797,4.924,1950.0,20.39,3060.0,100.0,0.0,0.0,0.0,4.924,200.61,1151.88,1141.81
798,4.954,1936.0,17.43,3058.0,100.0,0.0,0.0,0.0,4.954,200.73,1146.92,1155.54
799,4.987,1904.0,14.49,3057.0,100.0,0.0,0.0,0.0,4.987,200.21,1143.94,1151.37
800,4.955,1887.0,19.39,3059.0,100.0,0.0,714.0,0.42,4.955,202.16,1142.92,1145.89
801,4.9,1871.0,19.13,3061.0,99.84,0.0,0.0,0.0,4.9,177.29,1149.16,1143.56
802,4.984,1837.0,15.65,3058.0,100.0,0.0,0.0,0.0,4.984,191.2,1150.8,1154.66
803,4.984,1854.0,15.57,3057.0,100.0,0.0,0.0,0.0,4.984,200.72,1143.69,1152.38
804,4.947,1900.0,18.27,3059.0,100.0,0.0,0.0,0.0,4.947,202.26,1149.31,1144.11
805,4.943,1873.0,20.43,3060.0,100.0,0.0,0.0,0.0,4.943,202.09,1147.86,1151.58
806,4.969,1826.0,17.06,3061.0,100.0,0.0,0.0,0.0,4.969,205.53,1145.33,1155.34
807,4.935,1894.0,19.42,3060.0,100.0,0.0,0.0,0.0,4.935,204.08,1149.4,1145.81
808,4.925,1865.0,21.46,3061.0,100.0,0.0,0.0,0.0,4.925,203.55,1145.79,1144.49
809,4.96,1935.0,17.65,3059.0,100.0,0.0,0.0,0.0,4.96,199.33,1144.45,1155.05
810,4.973,1785.0,19.08,3062.0,100.0,0.0,0.0,0.0,4.973,212.14,1154.35,1154.13
811,4.947,1836.0,18.03,3061.0,99.8,0.0,0.0,0.0,4.947,202.68,1148.48,1150.26
812,4.975,1892.0,15.37,3057.0,100.0,0.0,0.0,0.0,4.975,199.33,1146.26,1144.23
813,4.932,1867.0,21.27,3061.0,100.0,0.0,0.0,0.0,4.932,203.86,1145.11,1145.4
814,4.962,1860.0,18.05,3059.0,100.0,0.0,0.0,0.0,4.962,203.82,1144.59,1155.51
815,5.001,1886.0,15.22,3057.0,100.0,0.0,0.0,0.0,5.001,205.76,1153.81,1150.01
816,4.98,1870.0,17.88,3059.0,100.0,0.0,0.0,0.0,4.98,204.37,1147.97,1153.33
817,5.013,1965.0,12.05,3055.0,100.0,0.0,0.0,0.0,5.013,199.54,1140.37,1146.92
818,4.987,1935.0,15.18,3057.0,100.0,0.0,0.0,0.0,4.987,201.79,1152.72,1146.34
819,4.921,1856.0,21.09,3062.0,100.0,0.0,0.0,0.0,4.921,202.59,1142.49,1145.51
820,5.006,1941.0,13.63,3055.0,100.0,0.0,0.0,0.0,5.006,200.29,1150.92,1153.86
821,5.003,1860.0,15.4,3057.0,100.0,0.0,0.0,0.0,5.003,203.35,1145.99,1151.55
822,4.976,1870.0,16.19,3058.0,100.0,0.0,0.0,0.0,4.976,202.75,1140.98,1147.1
823,4.98,1904.0,15.39,3057.0,100.0,0.0,0.0,0.0,4.98,201.55,1147.91,1147.23
824,4.968,1883.0,18.45,3059.0,100.0,0.0,0.0,0.0,4.968,201.67,1140.35,1154.1
825,5.012,1861.0,19.79,3057.0,100.0,0.0,0.0,0.0,5.012,204.37,1155.12,1149.74
826,4.992,1857.0,17.32,3059.0,100.0,0.001,712.0,0.32,4.993,205.73,1146.69,1153.78
827,4.944,1930.0,18.96,3059.0,100.0,0.0,0.0,0.0,4.944,201.32,1142.19,1149.46
828,4.967,1942.0,17.03,3059.0,100.0,0.0,0.0,0.0,4.967,198.55,1152.62,1149.03
829,5.284,1893.0,24.18,3056.0,100.0,0.0,0.0,0.0,5.284,203.46,1143.8,1149.34
830,5.004,1947.0,14.3,3056.0,100.0,0.0,0.0,0.0,5.004,200.62,1150.46,1146.68
831,4.952,1912.0,21.18,3060.0,100.0,0.001,709.0,0.22,4.953,203.67,1145.83,1148.57
832,4.915,1915.0,16.96,3061.0,100.0,0.0,0.0,0.0,4.915,170.13,1139.5,1148.65
833,4.934,1889.0,19.9,3060.0,100.0,0.0,0.0,0.0,4.934,191.56,1156.43,1139.83
834,5.024,1906.0,12.26,3055.0,100.0,0.0,0.0,0.0,5.024,197.69,1138.73,1158.07
835,4.969,1905.0,17.84,3059.0,100.0,0.0,0.0,0.0,4.969,204.62,1155.34,1146.98
836,4.997,1909.0,15.66,3058.0,100.0,0.0,0.0,0.0,4.997,200.35,1146.05,1153.44
837,4.962,1928.0,17.7,3060.0,100.0,0.0,0.0,0.0,4.962,201.06,1146.92,1151.4
838,4.962,1809.0,19.53,3061.0,100.0,0.0,0.0,0.0,4.962,200.14,1151.99,1152.58
839,4.97,1910.0,16.59,3059.0,100.0,0.0,0.0,0.0,4.97,199.92,1148.99,1141.22
840,4.956,1908.0,20.01,3059.0,100.0,0.0,0.0,0.0,4.956,204.17,1139.0,1158.72
841,4.963,1946.0,16.7,3058.0,100.0,0.0,0.0,0.0,4.963,199.55,1146.72,1146.79
842,4.958,1896.0,18.27,3058.0,100.0,0.0,0.0,0.0,4.958,201.95,1151.6,1141.96
843,4.979,1900.0,16.47,3058.0,100.0,0.0,0.0,0.0,4.979,204.5,1148.41,1155.5
844,4.99,1795.0,16.17,3060.0,100.0,0.0,0.0,0.0,4.99,203.22,1153.19,1152.25
845,4.985,1854.0,16.4,3058.0,100.0,0.0,0.0,0.0,4.985,205.94,1138.9,1148.67
846,4.908,1836.0,22.97,3064.0,100.0,0.0,0.0,0.0,4.908,202.65,1155.96,1149.3
847,5.02,1983.0,12.13,3055.0,100.0,0.0,0.0,0.0,5.02,197.08,1139.75,1150.74
848,4.975,1835.0,20.17,3060.0,100.0,0.0,715.0,0.51,4.975,207.24,1155.65,1151.09
849,5.007,1809.0,16.39,3059.0,100.0,0.0,0.0,0.0,5.007,206.78,1149.88,1149.26
850,4.961,1877.0,18.32,3060.0,100.0,0.0,0.0,0.0,4.961,207.08,1150.42,1152.66
851,4.999,1849.0,16.14,3058.0,100.0,0.0,0.0,0.0,4.999,204.81,1149.44,1148.52
852,4.911,1872.0,22.88,3063.0,100.0,0.0,0.0,0.0,4.911,204.39,1148.11,1157.27
853,4.922,1921.0,20.5,3060.0,100.0,0.0,0.0,0.0,4.922,202.25,1143.84,1140.0
854,5.032,1907.0,19.88,3058.0,100.0,0.0,0.0,0.0,5.032,205.45,1146.76,1160.98
855,4.985,1897.0,17.63,3058.0,100.0,0.0,396.0,0.01,4.985,206.79,1153.65,1141.53
856,4.96,1930.0,19.34,3059.0,100.0,0.001,720.0,0.31,4.961,199.82,1145.87,1159.57
857,5.032,1938.0,12.75,3055.0,100.0,0.0,0.0,0.0,5.032,201.37,1141.12,1149.77
858,4.927,1898.0,20.16,3062.0,100.0,0.0,0.0,0.0,4.927,203.26,1151.15,1146.1
859,4.97,1903.0,18.14,3059.0,100.0,0.0,0.0,0.0,4.97,201.2,1147.98,1153.78
860,4.949,1856.0,20.26,3060.0,100.0,0.0,0.0,0.0,4.949,205.27,1147.47,1145.24
861,4.982,1894.0,17.77,3059.0,100.0,0.0,0.0,0.0,4.982,205.26,1149.51,1155.76
862,4.942,1824.0,20.59,3062.0,100.0,0.0,0.0,0.0,4.942,207.61,1141.75,1153.48
863,4.919,1856.0,18.41,3060.0,100.0,0.0,0.0,0.0,4.919,171.94,1154.21,1150.97
864,4.959,1845.0,20.57,3061.0,100.0,0.001,710.0,0.43,4.96,202.39,1145.36,1151.73
865,4.972,1832.0,18.72,3059.0,100.0,0.0,0.0,0.0,4.972,202.56,1146.37,1149.96
866,4.919,1911.0,22.48,3062.0,100.0,0.0,709.0,0.43,4.919,202.4,1155.1,1149.6
867,4.926,1808.0,22.3,3065.0,100.0,0.0,0.0,0.0,4.926,206.74,1144.57,1153.78
868,4.943,1879.0,20.04,3060.0,100.0,0.0,0.0,0.0,4.943,204.04,1152.18,1144.26
869,4.964,1840.0,19.77,3062.0,100.0,0.0,0.0,0.0,4.964,206.07,1144.82,1156.08
870,4.943,1874.0,19.86,3061.0,100.0,0.0,0.0,0.0,4.943,205.26,1150.12,1140.85
871,4.94,1943.0,20.4,3060.0,100.0,0.0,0.0,0.0,4.94,201.42,1145.85,1147.88
872,4.985,1888.0,18.04,3058.0,99.97,0.0,710.0,0.43,4.985,204.48,1143.78,1161.8
873,4.962,1881.0,18.2,3059.0,100.0,0.0,0.0,0.0,4.962,202.77,1147.96,1149.43
874,4.947,1906.0,20.96,3060.0,100.0,0.0,708.0,0.43,4.947,203.7,1151.92,1149.2
875,4.959,1872.0,18.81,3060.0,100.0,0.0,0.0,0.0,4.959,201.55,1143.9,1148.1
876,4.926,1864.0,21.28,3063.0,100.0,0.0,0.0,0.0,4.926,201.33,1149.37,1154.49
877,4.975,1842.0,16.68,3060.0,100.0,0.0,0.0,0.0,4.975,204.67,1152.75,1149.4
878,4.992,1821.0,17.53,3061.0,100.0,0.0,0.0,0.0,4.992,210.43,1149.18,1148.56
879,4.974,1830.0,18.42,3061.0,100.0,0.0,0.0,0.0,4.974,207.24,1144.72,1157.88
880,4.979,1888.0,17.76,3059.0,100.0,0.0,0.0,0.0,4.979,203.95,1154.91,1151.84
881,4.941,1886.0,19.7,3060.0,100.0,0.0,0.0,0.0,4.941,202.81,1147.2,1141.53
882,4.946,1864.0,19.21,3061.0,100.0,0.0,0.0,0.0,4.946,203.75,1150.95,1154.42
883,4.946,1856.0,18.8,3063.0,100.0,0.0,0.0,0.0,4.946,198.85,1146.18,1146.37
884,4.984,1900.0,22.55,3059.0,100.0,0.0,0.0,0.0,4.984,204.19,1144.82,1156.02
885,5.0,1869.0,16.02,3058.0,100.0,0.0,0.0,0.0,5.0,205.91,1145.51,1150.82
886,4.97,1883.0,17.69,3059.0,99.87,0.0,0.0,0.0,4.97,205.12,1154.3,1142.36
887,4.811,1855.0,16.99,3066.0,100.0,0.001,711.0,0.53,4.812,187.55,1027.48,1159.91
888,3.431,1349.0,7.67,3125.0,100.0,0.0,0.0,0.0,3.431,100.86,0.96,1165.15
889,3.441,1348.0,8.35,3125.0,100.0,0.0,0.0,0.0,3.441,100.92,0.84,1174.54
890,3.432,1326.0,7.32,3125.0,100.0,0.0,0.0,0.0,3.432,97.64,0.86,1162.15
891,3.418,1325.0,7.48,3125.0,100.0,0.0,0.0,0.0,3.418,97.17,0.95,1174.61
892,3.642,1388.0,10.16,3121.0,100.0,0.0,712.0,0.31,3.642,144.34,1.03,1170.54
893,3.442,1318.0,15.02,3126.0,100.0,0.002,709.0,0.22,3.444,105.59,0.83,1172.7
894,3.401,1273.0,16.84,3126.0,100.0,0.0,709.0,0.22,3.401,86.26,0.74,1164.75
895,3.386,1290.0,7.26,3126.0,100.0,0.0,0.0,0.0,3.386,103.28,0.87,1166.08
896,3.385,1277.0,6.93,3126.0,100.0,0.0,0.0,0.0,3.385,99.99,0.93,1166.75
897,2.182,1180.0,5.93,2277.0,65.13,0.0,0.0,0.0,2.182,64.49,1.23,761.83
898,0.01,996.0,3.4,620.0,1.52,0.0,0.0,0.0,0.01,1.68,1.55,1.52
899,0.014,977.0,3.67,633.0,1.13,0.0,0.0,0.0,0.014,1.45,1.49,1.57
